train_id,old_train,day_week,departure_station,departure_time,arrival_id,arrival_time,circulation,country,route_id,travel_time,d_station_group,a_station_group,d_station_group,Heavy,Electric,Diesel,H_E,H_D,N_E,loco_metatype,loco_req
630,PL050PL032,6,PL050,43869.00833,PL032,43869.28542,2,,R011,,,,,,,,,,,H_E,Type5
631,PL024PL094,6,PL024,43869.00972,PL094,43869.04097,2,,R150,,,,,,,,,,,N_E,Type8
632,PL071PL020,6,PL071,43869.02292,PL020,43869.12986,2,,R069,,,,,,,,,,,N_E,Type8
633,PL007PL006,6,PL007,43869.02708,PL006,43869.25972,2,,R035,,,,,,,,,,,N_E,Type8
634,PL032PL094,6,PL032,43869.04931,PL094,43869.19583,2,,R015,,,,,,,,,,,0,Type3
635,PL017PL020,6,PL017,43869.05764,PL020,43869.12569,2,,R024,,,,,,,,,,,N_E,Type8
636,PL020PL016,6,PL020,43869.06667,PL016,43869.08333,2,,R022,,,,,,,,,,,N_D,Type6
637,PL048PL050,6,PL048,43869.08056,PL050,43869.275,2,,R078,,,,,,,,,,,H_E,Type5
638,PL032PL050,6,PL032,43869.10417,PL050,43869.34931,2,,R011,,,,,,,,,,,H_E,Type5
639,PL031PL015,6,PL031,43869.125,PL015,43869.15417,2,,R128,,,,,,,,,,,H_E,Type5
640,PL012PL020,6,PL012,43869.125,PL020,43869.14097,2,,R081,,,,,,,,,,,N_D,Type6
641,PL020PL006,6,PL020,43869.14375,PL006,43869.47222,2,,R054,,,,,,,,,,,N_E,Type8
642,PL094PL032,6,PL094,43869.15903,PL032,43869.3,2,,R015,,,,,,,,,,,0,Type3
643,PL013PL006,6,PL013,43869.1625,PL006,43869.31181,2,,R059,,,,,,,,,,,N_D,Type6
644,PL008PL022,6,PL008,43869.16667,PL022,43869.24931,2,,R127,,,,,,,,,,,N_D,Type6
645,PL058PL094,6,PL058,43869.17014,PL094,43869.21319,2,,R102,,,,,,,,,,,N_D,Type6
646,PL032PL094,6,PL032,43869.1875,PL094,43869.32708,2,,R015,,,,,,,,,,,0,Type3
647,PL026PL003,6,PL026,43869.19722,PL003,43869.27292,2,,R027,,,,,,,,,,,H_E,Type5
648,PL033PL003,6,PL033,43869.21528,PL003,43869.24028,2,,R048,,,,,,,,,,,N_D,Type7
649,PL007PL094,6,PL007,43869.21736,PL094,43869.46597,2,,R039,,,,,,,,,,,N_E,Type8
650,PL032PL094,6,PL032,43869.22222,PL094,43869.33819,2,,R015,,,,,,,,,,,0,Type3
651,PL016PL020,6,PL016,43869.22361,PL020,43869.24028,2,,R022,,,,,,,,,,,N_D,Type6
652,PL094PL011,6,PL094,43869.24306,PL011,43869.24931,2,,R038,,,,,,,,,,,N_D,Type6
653,PL015PL011,6,PL015,43869.24653,PL011,43869.53819,2,,R123,,,,,,,,,,,H_E,Type5
654,PL020PL017,6,PL020,43869.25,PL017,43869.30486,2,,R024,,,,,,,,,,,N_E,Type8
655,PL026PL020,6,PL026,43869.25,PL020,43869.65278,2,,R092,,,,,,,,,,,H_E,Type5
656,PL003PL026,6,PL003,43869.26944,PL026,43869.33403,2,,R027,,,,,,,,,,,H_E,Type5
657,PL094PL011,6,PL094,43869.27917,PL011,43869.28472,2,,R038,,,,,,,,,,,0,Type3
658,PL035PL020,6,PL035,43869.28819,PL020,43869.55486,2,,R094,,,,,,,,,,,H_D,Type4
659,PL050PL032,6,PL050,43869.28889,PL032,43869.56528,2,,R011,,,,,,,,,,,H_E,Type5
660,PL032PL050,6,PL032,43869.3375,PL050,43869.59653,2,,R011,,,,,,,,,,,H_E,Type5
661,PL026PL003,6,PL026,43869.34167,PL003,43869.425,2,,R027,,,,,,,,,,,H_E,Type5
662,PL050PL048,6,PL050,43869.36319,PL048,43869.58611,2,,R078,,,,,,,,,,,H_E,Type5
663,PL020PL076,6,PL020,43869.375,PL076,43869.41667,2,,R051,,,,,,,,,,,N_D,Type6
664,PL006PL007,6,PL006,43869.37847,PL007,43869.56944,2,,R035,,,,,,,,,,,N_E,Type8
665,PL003PL026,6,PL003,43869.38194,PL026,43869.46597,2,,R027,,,,,,,,,,,H_E,Type5
666,PL094PL029,6,PL094,43869.38542,PL029,43869.39792,2,,R053,,,,,,,,,,,N_D,Type6
667,PL035PL020,6,PL035,43869.39028,PL020,43869.53125,2,,R094,,,,,,,,,,,H_D,Type4
668,PL011PL094,6,PL011,43869.40625,PL094,43869.41181,2,,R038,,,,,,,,,,,0,Type3
669,PL094PL007,6,PL094,43869.40833,PL007,43869.59931,2,,R039,,,,,,,,,,,N_E,Type8
670,PL008PL016,6,PL008,43869.41667,PL016,43869.5625,2,,R067,,,,,,,,,,,H_D,Type4
671,PL084PL010,6,PL084,43869.41667,PL010,43869.75,2,,R042,,,,,,,,,,,H_E,Type5
672,PL019PL022,6,PL019,43869.41667,PL022,43869.5,2,,R043,,,,,,,,,,,N_D,Type6
673,PL011PL032,6,PL011,43869.41736,PL032,43869.55625,2,,R052,,,,,,,,,,,0,Type3
674,PL002PL013,6,PL002,43869.41875,PL013,43869.51597,2,,R055,,,,,,,,,,,N_D,Type6
675,PL017PL022,6,PL017,43869.43611,PL022,43869.4875,2,,R068,,,,,,,,,,,N_E,Type8
676,PL003PL022,6,PL003,43869.45139,PL022,43869.59514,2,,R060,,,,,,,,,,,N_E,Type8
677,PL015PL101,6,PL015,43869.4625,PL101,43869.65,2,,R101,,,,,,,,,,,H_E,Type5
678,PL003PL033,6,PL003,43869.47014,PL033,43869.49167,2,,R048,,,,,,,,,,,H_E,Type5
679,PL015PL077,6,PL015,43869.5,PL077,43869.90625,2,,R145,,,,,,,,,,,H_E,Type5
680,PL076PL020,6,PL076,43869.5,PL020,43869.54167,2,,R051,,,,,,,,,,,N_D,Type6
681,PL032PL011,6,PL032,43869.5,PL011,43869.63194,2,,R052,,,,,,,,,,,H_E,Type5
682,PL094PL011,6,PL094,43869.54167,PL011,43869.55,2,,R038,,,,,,,,,,,0,Type3
683,PL029PL094,6,PL029,43869.54861,PL094,43869.55903,2,,R053,,,,,,,,,,,N_D,Type6
684,PL032PL094,6,PL032,43869.55694,PL094,43869.73264,2,,R015,,,,,,,,,,,0,Type3
685,PL006PL020,6,PL006,43869.55903,PL020,43869.86111,2,,R054,,,,,,,,,,,N_E,Type8
686,PL013PL002,6,PL013,43869.5875,PL002,43869.70694,2,,R055,,,,,,,,,,,N_D,Type6
687,PL050PL034,6,PL050,43869.61042,PL034,43869.7,2,,R071,,,,,,,,,,,H_E,Type5
688,PL007PL011,6,PL007,43869.61111,PL011,43869.79931,2,,R172,,,,,,,,,,,N_E,Type8
689,PL106PL083,6,PL106,43869.61458,PL083,43869.97222,2,,R176,,,,,,,,,,,H_E,Type5
690,PL094PL032,6,PL094,43869.64236,PL032,43869.78611,2,,R015,,,,,,,,,,,0,Type3
691,PL101PL107,6,PL101,43869.66319,PL107,43869.87917,2,,R177,,,,,,,,,,,H_E,Type5
692,PL115PL010,6,PL115,43869.66667,PL010,43869.73958,2,,R160,,,,,,,,,,,H_D,Type4
693,PL033PL003,6,PL033,43869.67431,PL003,43869.69583,2,,R048,,,,,,,,,,,H_E,Type5
694,PL011PL094,6,PL011,43869.68403,PL094,43869.69028,2,,R038,,,,,,,,,,,N_D,Type6
695,PL006PL013,6,PL006,43869.6875,PL013,43869.80486,2,,R059,,,,,,,,,,,N_D,Type6
696,PL022PL003,6,PL022,43869.70139,PL003,43869.87014,2,,R060,,,,,,,,,,,N_E,Type8
697,PL011PL094,6,PL011,43869.71597,PL094,43869.72153,2,,R038,,,,,,,,,,,0,Type3
698,PL003PL026,6,PL003,43869.72361,PL026,43869.80486,2,,R027,,,,,,,,,,,H_E,Type5
699,PL007PL002,6,PL007,43869.73472,PL002,43869.96806,2,,R098,,,,,,,,,,,N_E,Type8
700,PL020PL026,6,PL020,43869.79861,PL026,43870.11042,2,,R092,,,,,,,,,,,H_E,Type5
701,PL020PL035,6,PL020,43869.79931,PL035,43869.96389,2,,R094,,,,,,,,,,,H_D,Type4
702,PL037PL011,6,PL037,43869.82917,PL011,43870.04375,2,,R070,,,,,,,,,,,H_E,Type5
703,PL016PL008,6,PL016,43869.83333,PL008,43870.02292,2,,R067,,,,,,,,,,,H_D,Type4
704,PL094PL011,6,PL094,43869.84028,PL011,43869.84861,2,,R038,,,,,,,,,,,0,Type3
705,PL010PL001,6,PL010,43869.84375,PL001,43870.23958,2,,R163,,,,,,,,,,,H_E,Type5
706,PL071PL047,6,PL071,43869.85903,PL047,43869.96944,2,,R066,,,,,,,,,,,N_E,Type8
707,PL022PL017,6,PL022,43869.875,PL017,43869.91528,2,,R068,,,,,,,,,,,N_E,Type8
708,PL013PL006,6,PL013,43869.88542,PL006,43869.99306,2,,R059,,,,,,,,,,,N_D,Type6
709,PL107PL045,6,PL107,43869.88611,PL045,43869.94375,2,,R178,,,,,,,,,,,H_E,Type5
710,PL094PL015,6,PL094,43869.89583,PL015,43870.23611,2,,R097,,,,,,,,,,,H_E,Type5
711,PL020PL071,6,PL020,43869.89722,PL071,43870.02153,2,,R069,,,,,,,,,,,N_E,Type8
712,PL011PL037,6,PL011,43869.90417,PL037,43870.225,2,,R070,,,,,,,,,,,H_E,Type5
713,PL034PL050,6,PL034,43869.90972,PL050,43869.99583,2,,R071,,,,,,,,,,,H_E,Type5
714,PL102PL026,6,PL102,43869.91667,PL026,43870.25,2,,R084,,,,,,,,,,,H_E,Type5
715,PL006PL007,6,PL006,43869.91667,PL007,43870.24306,2,,R035,,,,,,,,,,,N_E,Type8
716,PL030PL094,6,PL030,43869.92431,PL094,43870.19375,2,,R085,,,,,,,,,,,H_E,Type5
717,PL077PL034,6,PL077,43869.92708,PL034,43870.16667,2,,R074,,,,,,,,,,,H_E,Type5
718,PL003PL033,6,PL003,43869.93819,PL033,43869.96528,2,,R048,,,,,,,,,,,N_D,Type7
719,PL006PL013,6,PL006,43869.95764,PL013,43870.05694,2,,R059,,,,,,,,,,,N_D,Type6
720,PL024PL032,6,PL024,43869.95833,PL032,43870.16667,2,,R083,,,,,,,,,,,N_E,Type8
721,PL011PL094,6,PL011,43869.97917,PL094,43869.98472,2,,R038,,,,,,,,,,,0,Type3
722,PL047PL006,6,PL047,43869.98333,PL006,43870.30208,2,,R077,,,,,,,,,,,N_E,Type8
723,PL050PL032,7,PL050,43870.00972,PL032,43870.28542,2,,R011,,,,,,,,,,,H_E,Type5
724,PL094PL007,7,PL094,43870.03194,PL007,43870.33194,2,,R039,,,,,,,,,,,N_E,Type8
725,PL017PL020,7,PL017,43870.05764,PL020,43870.12569,2,,R024,,,,,,,,,,,N_E,Type8
726,PL026PL003,7,PL026,43870.06319,PL003,43870.13472,2,,R027,,,,,,,,,,,H_E,Type5
727,PL048PL050,7,PL048,43870.08056,PL050,43870.275,2,,R078,,,,,,,,,,,H_E,Type5
728,PL032PL050,7,PL032,43870.10417,PL050,43870.34931,2,,R011,,,,,,,,,,,H_E,Type5
729,PL013PL006,7,PL013,43870.1625,PL006,43870.31181,2,,R059,,,,,,,,,,,N_D,Type6
730,PL011PL045,7,PL011,43870.16667,PL045,43870.41319,2,,R100,,,,,,,,,,,H_E,Type5
731,PL094PL005,7,PL094,43870.17639,PL005,43870.27986,2,,R091,,,,,,,,,,,H_E,Type5
732,PL026PL003,7,PL026,43870.19722,PL003,43870.27292,2,,R027,,,,,,,,,,,H_E,Type5
733,PL003PL047,7,PL003,43870.20417,PL047,43870.48264,2,,R174,,,,,,,,,,,N_E,Type8
734,PL032PL094,7,PL032,43870.20833,PL094,43870.32431,2,,R015,,,,,,,,,,,H_E,Type5
735,PL033PL003,7,PL033,43870.21528,PL003,43870.24028,2,,R048,,,,,,,,,,,N_D,Type7
736,PL020PL012,7,PL020,43870.22917,PL012,43870.24028,2,,R081,,,,,,,,,,,N_D,Type6
737,PL020PL017,7,PL020,43870.25,PL017,43870.30486,2,,R024,,,,,,,,,,,N_E,Type8
738,PL007PL094,7,PL007,43870.25694,PL094,43870.625,2,,R039,,,,,,,,,,,N_E,Type8
739,PL001PL104,7,PL001,43870.26042,PL104,43870.65972,2,,R167,,,,,,,,,,,H_E,Type5
740,PL050PL032,7,PL050,43870.28889,PL032,43870.56528,2,,R011,,,,,,,,,,,H_E,Type5
741,PL032PL024,7,PL032,43870.29167,PL024,43870.5,2,,R083,,,,,,,,,,,N_E,Type8
742,PL005PL032,7,PL005,43870.29375,PL032,43870.30903,2,,R089,,,,,,,,,,,H_E,Type5
743,PL032PL050,7,PL032,43870.3375,PL050,43870.59653,2,,R011,,,,,,,,,,,H_E,Type5
744,PL007PL006,7,PL007,43870.34931,PL006,43870.53958,2,,R035,,,,,,,,,,,N_E,Type8
745,PL050PL048,7,PL050,43870.36319,PL048,43870.58611,2,,R078,,,,,,,,,,,H_E,Type5
746,PL003PL026,7,PL003,43870.37708,PL026,43870.46042,2,,R027,,,,,,,,,,,H_E,Type5
747,PL006PL020,7,PL006,43870.37708,PL020,43870.76597,2,,R054,,,,,,,,,,,N_E,Type8
748,PL094PL030,7,PL094,43870.38819,PL030,43870.65486,2,,R085,,,,,,,,,,,H_E,Type5
749,PL011PL094,7,PL011,43870.40625,PL094,43870.41181,2,,R038,,,,,,,,,,,0,Type3
750,PL094PL032,7,PL094,43870.41597,PL032,43870.52222,2,,R015,,,,,,,,,,,H_E,Type5
751,PL026PL026,7,PL026,43870.41667,PL026,43870.625,2,,R196,,,,,,,,,,,H_E,Type5
752,PL083PL015,7,PL083,43870.41667,PL015,43870.75,2,,R180,,,,,,,,,,,H_E,Type5
753,PL008PL016,7,PL008,43870.41667,PL016,43870.5625,2,,R067,,,,,,,,,,,H_D,Type4
754,PL002PL013,7,PL002,43870.41875,PL013,43870.51597,2,,R055,,,,,,,,,,,N_D,Type6
755,PL094PL032,7,PL094,43870.42431,PL032,43870.60556,2,,R015,,,,,,,,,,,0,Type3
756,PL017PL022,7,PL017,43870.43611,PL022,43870.4875,2,,R068,,,,,,,,,,,N_E,Type8
757,PL003PL022,7,PL003,43870.45139,PL022,43870.59514,2,,R060,,,,,,,,,,,N_E,Type8
758,PL094PL003,7,PL094,43870.48264,PL003,43870.65069,2,,R090,,,,,,,,,,,H_E,Type5
759,PL011PL032,7,PL011,43870.48264,PL032,43870.62083,2,,R052,,,,,,,,,,,H_E,Type5
760,PL047PL012,7,PL047,43870.51319,PL012,43870.52431,2,,R173,,,,,,,,,,,N_D,Type6
761,PL006PL020,7,PL006,43870.55903,PL020,43870.86111,2,,R054,,,,,,,,,,,N_E,Type8
762,PL003PL045,7,PL003,43870.56528,PL045,43870.58819,2,,R135,,,,,,,,,,,N_D,Type7
763,PL011PL032,7,PL011,43870.58472,PL032,43870.72222,2,,R052,,,,,,,,,,,0,Type3
764,PL013PL002,7,PL013,43870.5875,PL002,43870.70694,2,,R055,,,,,,,,,,,N_D,Type6
765,PL050PL034,7,PL050,43870.61042,PL034,43870.7,2,,R071,,,,,,,,,,,H_E,Type5
766,PL104PL117,7,PL104,43870.66319,PL117,43870.67361,2,,R194,,,,,,,,,,,H_D,Type4
767,PL094PL032,7,PL094,43870.67361,PL032,43870.83333,2,,R015,,,,,,,,,,,0,Type3
768,PL006PL013,7,PL006,43870.6875,PL013,43870.80486,2,,R059,,,,,,,,,,,N_D,Type6
769,PL022PL003,7,PL022,43870.70139,PL003,43870.87014,2,,R060,,,,,,,,,,,N_E,Type8
770,PL032PL005,7,PL032,43870.72847,PL005,43870.74444,2,,R089,,,,,,,,,,,H_E,Type5
771,PL003PL094,7,PL003,43870.73194,PL094,43870.92361,2,,R090,,,,,,,,,,,H_E,Type5
772,PL012PL020,7,PL012,43870.73264,PL020,43870.74097,2,,R081,,,,,,,,,,,N_D,Type6
773,PL102PL026,7,PL102,43870.75,PL026,43871.08333,2,,R084,,,,,,,,,,,H_E,Type5
774,PL032PL094,7,PL032,43870.75347,PL094,43870.90556,2,,R015,,,,,,,,,,,0,Type3
775,PL005PL094,7,PL005,43870.77153,PL094,43870.88194,2,,R091,,,,,,,,,,,H_E,Type5
776,PL020PL071,7,PL020,43870.78264,PL071,43870.85764,2,,R069,,,,,,,,,,,N_E,Type8
777,PL020PL015,7,PL020,43870.8,PL015,43871.16319,2,,R129,,,,,,,,,,,H_E,Type5
778,PL032PL044,7,PL032,43870.80069,PL044,43870.94167,2,,R095,,,,,,,,,,,H_E,Type5
779,PL015PL094,7,PL015,43870.82986,PL094,43871.05417,2,,R097,,,,,,,,,,,H_E,Type5
780,PL016PL008,7,PL016,43870.83333,PL008,43871.02292,2,,R067,,,,,,,,,,,H_D,Type4
781,PL045PL101,7,PL045,43870.85417,PL101,43871.07708,2,,R096,,,,,,,,,,,H_E,Type5
782,PL022PL017,7,PL022,43870.875,PL017,43870.91528,2,,R068,,,,,,,,,,,N_E,Type8
783,PL013PL006,7,PL013,43870.88542,PL006,43870.99306,2,,R059,,,,,,,,,,,N_D,Type6
784,PL020PL071,7,PL020,43870.89722,PL071,43871.02153,2,,R069,,,,,,,,,,,N_E,Type8
785,PL034PL050,7,PL034,43870.90972,PL050,43870.99583,2,,R071,,,,,,,,,,,H_E,Type5
786,PL003PL033,7,PL003,43870.93819,PL033,43870.96528,2,,R048,,,,,,,,,,,N_D,Type7
787,PL002PL007,7,PL002,43870.95556,PL007,43871.19583,2,,R098,,,,,,,,,,,N_E,Type8
788,PL006PL013,7,PL006,43870.95764,PL013,43871.05694,2,,R059,,,,,,,,,,,N_D,Type6
789,PL044PL060,7,PL044,43870.95833,PL060,43871.22014,2,,R099,,,,,,,,,,,H_E,Type5
790,PL050PL032,1,PL050,43871.00972,PL032,43871.28542,2,,R011,,,,,,,,,,,H_E,Type5
791,PL045PL011,1,PL045,43871.02986,PL011,43871.24792,2,,R100,,,,,,,,,,,H_E,Type5
792,PL017PL020,1,PL017,43871.05764,PL020,43871.12569,2,,R024,,,,,,,,,,,N_E,Type8
793,PL048PL050,1,PL048,43871.08056,PL050,43871.275,2,,R078,,,,,,,,,,,H_E,Type5
794,PL101PL015,1,PL101,43871.09097,PL015,43871.27569,2,,R101,,,,,,,,,,,H_E,Type5
795,PL032PL050,1,PL032,43871.10417,PL050,43871.34931,2,,R011,,,,,,,,,,,H_E,Type5
796,PL020PL012,1,PL020,43871.12639,PL012,43871.13611,2,,R081,,,,,,,,,,,N_D,Type6
797,PL020PL035,1,PL020,43871.15347,PL035,43871.30208,2,,R094,,,,,,,,,,,H_D,Type4
798,PL013PL006,1,PL013,43871.1625,PL006,43871.31181,2,,R059,,,,,,,,,,,N_D,Type6
799,PL094PL011,1,PL094,43871.17708,PL011,43871.18542,2,,R038,,,,,,,,,,,0,Type3
800,PL094PL058,1,PL094,43871.19444,PL058,43871.23958,2,,R102,,,,,,,,,,,N_D,Type6
801,PL026PL003,1,PL026,43871.19722,PL003,43871.27292,2,,R027,,,,,,,,,,,H_E,Type5
802,PL026PL020,1,PL026,43871.20833,PL020,43871.61806,2,,R092,,,,,,,,,,,H_E,Type5
803,PL033PL003,1,PL033,43871.21528,PL003,43871.24028,2,,R048,,,,,,,,,,,N_D,Type7
804,PL012PL020,1,PL012,43871.21528,PL020,43871.225,2,,R081,,,,,,,,,,,N_D,Type6
805,PL007PL094,1,PL007,43871.21736,PL094,43871.46597,2,,R039,,,,,,,,,,,N_E,Type8
806,PL094PL029,1,PL094,43871.23819,PL029,43871.24792,2,,R053,,,,,,,,,,,N_D,Type6
807,PL094PL011,1,PL094,43871.24306,PL011,43871.24931,2,,R038,,,,,,,,,,,N_D,Type6
808,PL060PL116,1,PL060,43871.26458,PL116,43871.29306,2,,R103,,,,,,,,,,,H_D,Type4
809,PL020PL017,1,PL020,43871.26944,PL017,43871.32431,2,,R024,,,,,,,,,,,N_E,Type8
810,PL050PL032,1,PL050,43871.28889,PL032,43871.56528,2,,R011,,,,,,,,,,,H_E,Type5
811,PL020PL056,1,PL020,43871.30486,PL056,43871.31944,2,,R109,,,,,,,,,,,N_D,Type6
812,PL017PL028,1,PL017,43871.31181,PL028,43871.33333,2,,R111,,,,,,,,,,,N_D,Type6
813,PL050PL048,1,PL050,43871.36319,PL048,43871.58611,2,,R078,,,,,,,,,,,H_E,Type5
814,PL022PL067,1,PL022,43871.375,PL067,43871.3875,2,,R113,,,,,,,,,,,N_D,Type6
815,PL006PL020,1,PL006,43871.37708,PL020,43871.76597,2,,R054,,,,,,,,,,,N_E,Type8
816,PL003PL026,1,PL003,43871.37708,PL026,43871.46042,2,,R027,,,,,,,,,,,H_E,Type5
817,PL094PL029,1,PL094,43871.38542,PL029,43871.39792,2,,R053,,,,,,,,,,,N_D,Type6
818,PL003PL066,1,PL003,43871.38958,PL066,43871.43056,2,,R116,,,,,,,,,,,N_D,Type7
819,PL020PL065,1,PL020,43871.39236,PL065,43871.45486,2,,R118,,,,,,,,,,,N_D,Type6
820,PL008PL016,1,PL008,43871.41667,PL016,43871.5625,2,,R067,,,,,,,,,,,H_D,Type4
821,PL011PL032,1,PL011,43871.41736,PL032,43871.55625,2,,R052,,,,,,,,,,,0,Type3
822,PL002PL013,1,PL002,43871.41875,PL013,43871.51597,2,,R055,,,,,,,,,,,N_D,Type6
823,PL003PL022,1,PL003,43871.45139,PL022,43871.59514,2,,R060,,,,,,,,,,,N_E,Type8
824,PL017PL022,1,PL017,43871.45556,PL022,43871.50694,2,,R068,,,,,,,,,,,N_E,Type8
825,PL059PL057,1,PL059,43871.45833,PL057,43871.86458,2,,R115,,,,,,,,,,,H_D,Type4
826,PL035PL020,1,PL035,43871.45833,PL020,43871.625,2,,R094,,,,,,,,,,,H_D,Type4
827,PL056PL020,1,PL056,43871.47917,PL020,43871.49306,2,,R109,,,,,,,,,,,N_D,Type6
828,PL103PL094,1,PL103,43871.47917,PL094,43871.48958,2,,R110,,,,,,,,,,,N_D,Type6
829,PL028PL017,1,PL028,43871.52431,PL017,43871.54028,2,,R111,,,,,,,,,,,N_D,Type6
830,PL017PL061,1,PL017,43871.52778,PL061,43871.54306,2,,R121,,,,,,,,,,,N_D,Type6
831,PL094PL011,1,PL094,43871.54167,PL011,43871.54931,2,,R038,,,,,,,,,,,0,Type3
832,PL067PL022,1,PL067,43871.54375,PL022,43871.55625,2,,R113,,,,,,,,,,,N_D,Type6
833,PL069PL068,1,PL069,43871.54444,PL068,43871.59097,2,,R122,,,,,,,,,,,0,Type2
834,PL029PL094,1,PL029,43871.54861,PL094,43871.55903,2,,R053,,,,,,,,,,,N_D,Type6
835,PL066PL003,1,PL066,43871.55556,PL003,43871.59931,2,,R116,,,,,,,,,,,N_D,Type7
836,PL006PL020,1,PL006,43871.55903,PL020,43871.86111,2,,R054,,,,,,,,,,,N_E,Type8
837,PL035PL085,1,PL035,43871.57292,PL085,43871.61111,2,,R126,,,,,,,,,,,H_D,Type4
838,PL065PL020,1,PL065,43871.58333,PL020,43871.64375,2,,R118,,,,,,,,,,,N_D,Type6
839,PL013PL002,1,PL013,43871.5875,PL002,43871.70694,2,,R055,,,,,,,,,,,N_D,Type6
840,PL029PL094,1,PL029,43871.59583,PL094,43871.60764,2,,R053,,,,,,,,,,,N_D,Type6
841,PL094PL032,1,PL094,43871.64236,PL032,43871.78611,2,,R015,,,,,,,,,,,0,Type3
842,PL003PL070,1,PL003,43871.64931,PL070,43871.66111,2,,R125,,,,,,,,,,,N_D,Type7
843,PL011PL094,1,PL011,43871.68403,PL094,43871.69028,2,,R038,,,,,,,,,,,N_D,Type6
844,PL006PL013,1,PL006,43871.6875,PL013,43871.80486,2,,R059,,,,,,,,,,,N_D,Type6
845,PL011PL094,1,PL011,43871.72222,PL094,43871.72778,2,,R038,,,,,,,,,,,0,Type3
846,PL022PL003,1,PL022,43871.72917,PL003,43871.89028,2,,R060,,,,,,,,,,,N_E,Type8
847,PL061PL017,1,PL061,43871.75,PL017,43871.76458,2,,R121,,,,,,,,,,,N_D,Type6
848,PL068PL069,1,PL068,43871.75278,PL069,43871.78958,2,,R122,,,,,,,,,,,0,Type2
849,PL032PL094,1,PL032,43871.75347,PL094,43871.90556,2,,R015,,,,,,,,,,,0,Type3
850,PL015PL101,1,PL015,43871.78194,PL101,43871.98333,2,,R101,,,,,,,,,,,H_E,Type5
851,PL020PL071,1,PL020,43871.78264,PL071,43871.85764,2,,R069,,,,,,,,,,,N_E,Type8
852,PL020PL035,1,PL020,43871.79167,PL035,43871.95833,2,,R094,,,,,,,,,,,H_D,Type4
853,PL020PL026,1,PL020,43871.79167,PL026,43872.20139,2,,R092,,,,,,,,,,,H_E,Type5
854,PL011PL015,1,PL011,43871.79514,PL015,43872.05278,2,,R123,,,,,,,,,,,H_E,Type5
855,PL030PL002,1,PL030,43871.81042,PL002,43871.97431,2,,R156,,,,,,,,,,,N_E,Type8
856,PL070PL003,1,PL070,43871.81736,PL003,43871.82917,2,,R125,,,,,,,,,,,N_D,Type7
857,PL016PL008,1,PL016,43871.83333,PL008,43872.02292,2,,R067,,,,,,,,,,,H_D,Type4
858,PL058PL094,1,PL058,43871.83333,PL094,43871.87639,2,,R102,,,,,,,,,,,N_D,Type6
859,PL085PL035,1,PL085,43871.83333,PL035,43871.86528,2,,R126,,,,,,,,,,,H_D,Type4
860,PL094PL011,1,PL094,43871.84028,PL011,43871.84792,2,,R038,,,,,,,,,,,0,Type3
861,PL020PL012,1,PL020,43871.875,PL012,43871.8875,2,,R081,,,,,,,,,,,N_D,Type6
862,PL022PL017,1,PL022,43871.875,PL017,43871.91528,2,,R068,,,,,,,,,,,N_E,Type8
863,PL013PL006,1,PL013,43871.88542,PL006,43871.99306,2,,R059,,,,,,,,,,,N_D,Type6
864,PL057PL094,1,PL057,43871.88542,PL094,43872.36458,2,,R137,,,,,,,,,,,H_D,Type4
865,PL020PL071,1,PL020,43871.89722,PL071,43872.02153,2,,R069,,,,,,,,,,,N_E,Type8
866,PL094PL015,1,PL094,43871.91806,PL015,43872.23611,2,,R097,,,,,,,,,,,H_E,Type5
867,PL032PL050,1,PL032,43871.91944,PL050,43872.13264,2,,R011,,,,,,,,,,,H_E,Type5
868,PL003PL033,1,PL003,43871.93819,PL033,43871.96528,2,,R048,,,,,,,,,,,N_D,Type7
869,PL002PL007,1,PL002,43871.95556,PL007,43872.19583,2,,R098,,,,,,,,,,,N_E,Type8
870,PL006PL013,1,PL006,43871.95764,PL013,43872.05694,2,,R059,,,,,,,,,,,N_D,Type6
871,PL022PL008,1,PL022,43871.97083,PL008,43872.04028,2,,R127,,,,,,,,,,,N_D,Type6
872,PL011PL094,1,PL011,43871.97917,PL094,43871.98472,2,,R038,,,,,,,,,,,0,Type3
873,PL101PL045,2,PL101,43872.00069,PL045,43872.25764,2,,R096,,,,,,,,,,,H_E,Type5
874,PL071PL020,2,PL071,43872.02292,PL020,43872.12986,2,,R069,,,,,,,,,,,N_E,Type8
875,PL032PL094,2,PL032,43872.04931,PL094,43872.19583,2,,R015,,,,,,,,,,,0,Type3
876,PL017PL020,2,PL017,43872.05764,PL020,43872.12569,2,,R024,,,,,,,,,,,N_E,Type8
877,PL020PL016,2,PL020,43872.06667,PL016,43872.08333,2,,R022,,,,,,,,,,,N_D,Type6
878,PL048PL050,2,PL048,43872.08056,PL050,43872.275,2,,R078,,,,,,,,,,,H_E,Type5
879,PL032PL050,2,PL032,43872.10417,PL050,43872.34931,2,,R011,,,,,,,,,,,H_E,Type5
880,PL015PL031,2,PL015,43872.10417,PL031,43872.13264,2,,R128,,,,,,,,,,,H_E,Type5
881,PL012PL020,2,PL012,43872.125,PL020,43872.14097,2,,R081,,,,,,,,,,,N_D,Type6
882,PL020PL006,2,PL020,43872.14375,PL006,43872.47222,2,,R054,,,,,,,,,,,N_E,Type8
883,PL050PL034,2,PL050,43872.14653,PL034,43872.23056,2,,R071,,,,,,,,,,,H_E,Type5
884,PL013PL006,2,PL013,43872.1625,PL006,43872.31181,2,,R059,,,,,,,,,,,N_D,Type6
885,PL008PL022,2,PL008,43872.16667,PL022,43872.24931,2,,R127,,,,,,,,,,,N_D,Type6
886,PL094PL005,2,PL094,43872.17639,PL005,43872.27986,2,,R091,,,,,,,,,,,H_E,Type5
887,PL026PL003,2,PL026,43872.19722,PL003,43872.27292,2,,R027,,,,,,,,,,,H_E,Type5
888,PL033PL003,2,PL033,43872.21528,PL003,43872.24028,2,,R048,,,,,,,,,,,N_D,Type7
889,PL007PL094,2,PL007,43872.21736,PL094,43872.46597,2,,R039,,,,,,,,,,,N_E,Type8
890,PL016PL020,2,PL016,43872.22361,PL020,43872.24028,2,,R022,,,,,,,,,,,N_D,Type6
891,PL015PL020,2,PL015,43872.26042,PL020,43872.65069,2,,R129,,,,,,,,,,,H_E,Type5
892,PL020PL017,2,PL020,43872.26944,PL017,43872.32431,2,,R024,,,,,,,,,,,N_E,Type8
893,PL094PL011,2,PL094,43872.27917,PL011,43872.28472,2,,R038,,,,,,,,,,,0,Type3
894,PL035PL020,2,PL035,43872.28819,PL020,43872.55486,2,,R094,,,,,,,,,,,H_D,Type4
895,PL050PL032,2,PL050,43872.28889,PL032,43872.56528,2,,R011,,,,,,,,,,,H_E,Type5
896,PL005PL032,2,PL005,43872.29375,PL032,43872.30903,2,,R089,,,,,,,,,,,H_E,Type5
897,PL026PL003,2,PL026,43872.34167,PL003,43872.425,2,,R027,,,,,,,,,,,H_E,Type5
898,PL050PL048,2,PL050,43872.36319,PL048,43872.58611,2,,R078,,,,,,,,,,,H_E,Type5
899,PL006PL020,2,PL006,43872.37708,PL020,43872.76597,2,,R054,,,,,,,,,,,N_E,Type8
900,PL003PL080,2,PL003,43872.38403,PL080,43872.48681,2,,R138,,,,,,,,,,,N_D,Type7
901,PL094PL032,2,PL094,43872.38542,PL032,43872.625,2,,R015,,,,,,,,,,,N_E,Type8
902,PL094PL029,2,PL094,43872.38542,PL029,43872.39792,2,,R053,,,,,,,,,,,N_D,Type6
903,PL017PL074,2,PL017,43872.39583,PL074,43872.4375,2,,R134,,,,,,,,,,,N_D,Type6
904,PL003PL026,2,PL003,43872.40625,PL026,43872.48958,2,,R027,,,,,,,,,,,H_E,Type5
905,PL011PL094,2,PL011,43872.40625,PL094,43872.41181,2,,R038,,,,,,,,,,,0,Type3
906,PL008PL016,2,PL008,43872.41667,PL016,43872.5625,2,,R067,,,,,,,,,,,H_D,Type4
907,PL099PL001,2,PL099,43872.41667,PL001,43872.82292,2,,R181,,,,,,,,,,,H_E,Type5
908,PL011PL032,2,PL011,43872.41736,PL032,43872.55625,2,,R052,,,,,,,,,,,0,Type3
909,PL002PL013,2,PL002,43872.41875,PL013,43872.51597,2,,R055,,,,,,,,,,,N_D,Type6
910,PL094PL032,2,PL094,43872.42431,PL032,43872.60556,2,,R015,,,,,,,,,,,0,Type3
911,PL003PL022,2,PL003,43872.45139,PL022,43872.59514,2,,R060,,,,,,,,,,,N_E,Type8
912,PL017PL022,2,PL017,43872.45556,PL022,43872.50694,2,,R068,,,,,,,,,,,N_E,Type8
913,PL074PL017,2,PL074,43872.45833,PL017,43872.49306,2,,R134,,,,,,,,,,,N_D,Type6
914,PL003PL033,2,PL003,43872.47014,PL033,43872.49167,2,,R048,,,,,,,,,,,H_E,Type5
915,PL020PL076,2,PL020,43872.475,PL076,43872.52222,2,,R051,,,,,,,,,,,N_D,Type6
916,PL015PL077,2,PL015,43872.5,PL077,43872.90625,2,,R145,,,,,,,,,,,H_E,Type5
917,PL045PL003,2,PL045,43872.5,PL003,43872.52014,2,,R135,,,,,,,,,,,N_D,Type7
918,PL094PL011,2,PL094,43872.54167,PL011,43872.54931,2,,R038,,,,,,,,,,,0,Type3
919,PL034PL050,2,PL034,43872.54861,PL050,43872.63194,2,,R071,,,,,,,,,,,H_E,Type5
920,PL029PL094,2,PL029,43872.54861,PL094,43872.55903,2,,R053,,,,,,,,,,,N_D,Type6
921,PL032PL094,2,PL032,43872.55694,PL094,43872.75486,2,,R015,,,,,,,,,,,0,Type3
922,PL080PL003,2,PL080,43872.58333,PL003,43872.72361,2,,R138,,,,,,,,,,,N_D,Type7
923,PL013PL002,2,PL013,43872.5875,PL002,43872.70694,2,,R055,,,,,,,,,,,N_D,Type6
924,PL020PL116,2,PL020,43872.59444,PL116,43872.69444,2,,R162,,,,,,,,,,,N_D,Type6
925,PL094PL032,2,PL094,43872.64236,PL032,43872.78611,2,,R015,,,,,,,,,,,0,Type3
926,PL050PL032,2,PL050,43872.64583,PL032,43872.92778,2,,R011,,,,,,,,,,,H_E,Type5
927,PL112PL083,2,PL112,43872.64861,PL083,43873.04444,2,,R140,,,,,,,,,,,H_E,Type5
928,PL071PL105,2,PL071,43872.66667,PL105,43872.83194,2,,R188,,,,,,,,,,,H_E,Type5
929,PL033PL003,2,PL033,43872.67431,PL003,43872.69583,2,,R048,,,,,,,,,,,H_E,Type5
930,PL045PL101,2,PL045,43872.6875,PL101,43872.91736,2,,R096,,,,,,,,,,,H_E,Type5
931,PL006PL013,2,PL006,43872.6875,PL013,43872.80486,2,,R059,,,,,,,,,,,N_D,Type6
932,PL011PL094,2,PL011,43872.72222,PL094,43872.72778,2,,R038,,,,,,,,,,,0,Type3
933,PL003PL026,2,PL003,43872.72361,PL026,43872.80486,2,,R027,,,,,,,,,,,H_E,Type5
934,PL032PL005,2,PL032,43872.72847,PL005,43872.74444,2,,R089,,,,,,,,,,,H_E,Type5
935,PL022PL003,2,PL022,43872.72917,PL003,43872.89028,2,,R060,,,,,,,,,,,N_E,Type8
936,PL017PL113,2,PL017,43872.75694,PL113,43872.79167,2,,R144,,,,,,,,,,,N_D,Type6
937,PL031PL015,2,PL031,43872.75833,PL015,43872.78958,2,,R128,,,,,,,,,,,H_E,Type5
938,PL005PL094,2,PL005,43872.77153,PL094,43872.88194,2,,R091,,,,,,,,,,,H_E,Type5
939,PL020PL071,2,PL020,43872.78264,PL071,43872.85764,2,,R069,,,,,,,,,,,N_E,Type8
940,PL026PL003,2,PL026,43872.78681,PL003,43872.85764,2,,R027,,,,,,,,,,,H_E,Type5
941,PL076PL020,2,PL076,43872.80556,PL020,43872.84306,2,,R051,,,,,,,,,,,N_D,Type6
942,PL037PL094,2,PL037,43872.81597,PL094,43873.08264,2,,R142,,,,,,,,,,,N_E,Type8
943,PL015PL094,2,PL015,43872.82986,PL094,43873.05417,2,,R097,,,,,,,,,,,H_E,Type5
944,PL016PL008,2,PL016,43872.83333,PL008,43873.02292,2,,R067,,,,,,,,,,,H_D,Type4
945,PL113PL017,2,PL113,43872.83333,PL017,43872.875,2,,R144,,,,,,,,,,,N_D,Type6
946,PL094PL011,2,PL094,43872.84028,PL011,43872.84792,2,,R038,,,,,,,,,,,0,Type3
947,PL001PL015,2,PL001,43872.84375,PL015,43873.20833,2,,R183,,,,,,,,,,,H_E,Type5
948,PL015PL011,2,PL015,43872.84583,PL011,43873.11389,2,,R123,,,,,,,,,,,H_E,Type5
949,PL071PL047,2,PL071,43872.85903,PL047,43872.96944,2,,R066,,,,,,,,,,,N_E,Type8
950,PL105PL018,2,PL105,43872.86181,PL018,43873.28403,2,,R186,,,,,,,,,,,H_E,Type5
951,PL022PL017,2,PL022,43872.875,PL017,43872.91528,2,,R068,,,,,,,,,,,N_E,Type8
952,PL013PL006,2,PL013,43872.88542,PL006,43872.99306,2,,R059,,,,,,,,,,,N_D,Type6
953,PL003PL019,2,PL003,43872.89931,PL019,43873.05972,2,,R146,,,,,,,,,,,H_E,Type5
954,PL060PL020,2,PL060,43872.91319,PL020,43872.95069,2,,R147,,,,,,,,,,,N_D,Type6
955,PL030PL094,2,PL030,43872.92431,PL094,43873.10278,2,,R085,,,,,,,,,,,H_E,Type5
956,PL077PL034,2,PL077,43872.92708,PL034,43873.16667,2,,R074,,,,,,,,,,,H_E,Type5
957,PL101PL015,2,PL101,43872.93125,PL015,43873.09167,2,,R101,,,,,,,,,,,H_E,Type5
958,PL003PL033,2,PL003,43872.93819,PL033,43872.96528,2,,R048,,,,,,,,,,,N_D,Type7
959,PL060PL026,2,PL060,43872.93889,PL026,43873.19931,2,,R148,,,,,,,,,,,H_E,Type5
960,PL006PL013,2,PL006,43872.95764,PL013,43873.05694,2,,R059,,,,,,,,,,,N_D,Type6
961,PL011PL094,2,PL011,43872.97917,PL094,43872.98472,2,,R038,,,,,,,,,,,0,Type3
962,PL047PL006,2,PL047,43872.98333,PL006,43873.30208,2,,R077,,,,,,,,,,,N_E,Type8
963,PL071PL020,3,PL071,43873.02292,PL020,43873.12986,2,,R069,,,,,,,,,,,N_E,Type8
964,PL032PL094,3,PL032,43873.04931,PL094,43873.19583,2,,R015,,,,,,,,,,,0,Type3
965,PL017PL020,3,PL017,43873.05764,PL020,43873.12569,2,,R024,,,,,,,,,,,N_E,Type8
966,PL048PL050,3,PL048,43873.08056,PL050,43873.275,2,,R078,,,,,,,,,,,H_E,Type5
967,PL032PL050,3,PL032,43873.10417,PL050,43873.34931,2,,R011,,,,,,,,,,,H_E,Type5
968,PL020PL012,3,PL020,43873.12639,PL012,43873.13611,2,,R081,,,,,,,,,,,N_D,Type6
969,PL020PL006,3,PL020,43873.14375,PL006,43873.47222,2,,R054,,,,,,,,,,,N_E,Type8
970,PL020PL035,3,PL020,43873.15347,PL035,43873.30208,2,,R094,,,,,,,,,,,H_D,Type4
971,PL013PL006,3,PL013,43873.1625,PL006,43873.31181,2,,R059,,,,,,,,,,,N_D,Type6
972,PL094PL011,3,PL094,43873.17708,PL011,43873.18542,2,,R038,,,,,,,,,,,0,Type3
973,PL032PL094,3,PL032,43873.1875,PL094,43873.32708,2,,R015,,,,,,,,,,,0,Type3
974,PL094PL058,3,PL094,43873.19444,PL058,43873.23958,2,,R102,,,,,,,,,,,N_D,Type6
975,PL026PL003,3,PL026,43873.19722,PL003,43873.27292,2,,R027,,,,,,,,,,,H_E,Type5
976,PL094PL032,3,PL094,43873.20833,PL032,43873.31806,2,,R015,,,,,,,,,,,H_E,Type5
977,PL026PL020,3,PL026,43873.20833,PL020,43873.61806,2,,R092,,,,,,,,,,,H_E,Type5
978,PL012PL020,3,PL012,43873.21528,PL020,43873.225,2,,R081,,,,,,,,,,,N_D,Type6
979,PL033PL003,3,PL033,43873.21528,PL003,43873.24028,2,,R048,,,,,,,,,,,N_D,Type7
980,PL094PL029,3,PL094,43873.23819,PL029,43873.24792,2,,R053,,,,,,,,,,,N_D,Type6
981,PL094PL011,3,PL094,43873.24306,PL011,43873.24931,2,,R038,,,,,,,,,,,N_D,Type6
982,PL094PL032,3,PL094,43873.24653,PL032,43873.35208,2,,R015,,,,,,,,,,,0,Type3
983,PL017PL075,3,PL017,43873.25556,PL075,43873.26736,2,,R152,,,,,,,,,,,N_D,Type6
984,PL020PL017,3,PL020,43873.26944,PL017,43873.32431,2,,R024,,,,,,,,,,,N_E,Type8
985,PL094PL011,3,PL094,43873.27917,PL011,43873.28472,2,,R038,,,,,,,,,,,0,Type3
986,PL050PL032,3,PL050,43873.28889,PL032,43873.56528,2,,R011,,,,,,,,,,,H_E,Type5
987,PL019PL022,3,PL019,43873.29167,PL022,43873.41667,2,,R043,,,,,,,,,,,N_E,Type8
988,PL020PL056,3,PL020,43873.30486,PL056,43873.31944,2,,R109,,,,,,,,,,,N_D,Type6
989,PL050PL048,3,PL050,43873.36319,PL048,43873.58611,2,,R078,,,,,,,,,,,H_E,Type5
990,PL022PL067,3,PL022,43873.375,PL067,43873.3875,2,,R113,,,,,,,,,,,N_D,Type6
991,PL094PL029,3,PL094,43873.38542,PL029,43873.39792,2,,R053,,,,,,,,,,,N_D,Type6
992,PL003PL066,3,PL003,43873.38958,PL066,43873.43056,2,,R116,,,,,,,,,,,N_D,Type7
993,PL020PL065,3,PL020,43873.39236,PL065,43873.45486,2,,R118,,,,,,,,,,,N_D,Type6
994,PL011PL094,3,PL011,43873.40625,PL094,43873.41181,2,,R038,,,,,,,,,,,0,Type3
995,PL003PL026,3,PL003,43873.40625,PL026,43873.48958,2,,R027,,,,,,,,,,,H_E,Type5
996,PL094PL007,3,PL094,43873.40833,PL007,43873.59931,2,,R039,,,,,,,,,,,N_E,Type8
997,PL083PL015,3,PL083,43873.41667,PL015,43873.75,2,,R180,,,,,,,,,,,H_E,Type5
998,PL008PL016,3,PL008,43873.41667,PL016,43873.5625,2,,R067,,,,,,,,,,,H_D,Type4
999,PL011PL032,3,PL011,43873.41736,PL032,43873.55625,2,,R052,,,,,,,,,,,0,Type3
1000,PL002PL013,3,PL002,43873.41875,PL013,43873.51597,2,,R055,,,,,,,,,,,N_D,Type6
1001,PL075PL017,3,PL075,43873.43403,PL017,43873.44583,2,,R152,,,,,,,,,,,N_D,Type6
1002,PL003PL022,3,PL003,43873.45139,PL022,43873.59514,2,,R060,,,,,,,,,,,N_E,Type8
1003,PL017PL022,3,PL017,43873.45556,PL022,43873.50694,2,,R068,,,,,,,,,,,N_E,Type8
1004,PL035PL020,3,PL035,43873.45833,PL020,43873.625,2,,R094,,,,,,,,,,,H_D,Type4
1005,PL056PL020,3,PL056,43873.47917,PL020,43873.49306,2,,R109,,,,,,,,,,,N_D,Type6
1006,PL017PL061,3,PL017,43873.52778,PL061,43873.54306,2,,R121,,,,,,,,,,,N_D,Type6
1007,PL017PL028,3,PL017,43873.53125,PL028,43873.55208,2,,R111,,,,,,,,,,,N_D,Type6
1008,PL094PL011,3,PL094,43873.54167,PL011,43873.54931,2,,R038,,,,,,,,,,,0,Type3
1009,PL095PL019,3,PL095,43873.54167,PL019,43873.55556,2,,R157,,,,,,,,,,,H_D,Type4
1010,PL067PL022,3,PL067,43873.54375,PL022,43873.55625,2,,R113,,,,,,,,,,,N_D,Type6
1011,PL069PL068,3,PL069,43873.54444,PL068,43873.59097,2,,R122,,,,,,,,,,,0,Type2
1012,PL029PL094,3,PL029,43873.54861,PL094,43873.55903,2,,R053,,,,,,,,,,,N_D,Type6
1013,PL066PL003,3,PL066,43873.55556,PL003,43873.59931,2,,R116,,,,,,,,,,,N_D,Type7
1014,PL035PL085,3,PL035,43873.57292,PL085,43873.61111,2,,R126,,,,,,,,,,,H_D,Type4
1015,PL065PL020,3,PL065,43873.58333,PL020,43873.64375,2,,R118,,,,,,,,,,,N_D,Type6
1016,PL019PL078,3,PL019,43873.58333,PL078,43873.90625,2,,R158,,,,,,,,,,,H_E,Type5
1017,PL013PL002,3,PL013,43873.5875,PL002,43873.70694,2,,R055,,,,,,,,,,,N_D,Type6
1018,PL029PL094,3,PL029,43873.59583,PL094,43873.60764,2,,R053,,,,,,,,,,,N_D,Type6
1019,PL003PL070,3,PL003,43873.64931,PL070,43873.66111,2,,R125,,,,,,,,,,,N_D,Type7
1020,PL003PL086,3,PL003,43873.66181,PL086,43873.81806,2,,R155,,,,,,,,,,,N_D,Type7
1021,PL011PL045,3,PL011,43873.66667,PL045,43873.95278,2,,R100,,,,,,,,,,,H_E,Type5
1022,PL028PL017,3,PL028,43873.66667,PL017,43873.68194,2,,R111,,,,,,,,,,,N_D,Type6
1023,PL109PL010,3,PL109,43873.66667,PL010,43873.73958,2,,R185,,,,,,,,,,,H_D,Type4
1024,PL011PL094,3,PL011,43873.68403,PL094,43873.69028,2,,R038,,,,,,,,,,,N_D,Type6
1025,PL006PL013,3,PL006,43873.6875,PL013,43873.80486,2,,R059,,,,,,,,,,,N_D,Type6
1026,PL011PL094,3,PL011,43873.72222,PL094,43873.72778,2,,R038,,,,,,,,,,,0,Type3
1027,PL022PL003,3,PL022,43873.72917,PL003,43873.89028,2,,R060,,,,,,,,,,,N_E,Type8
1028,PL007PL002,3,PL007,43873.73472,PL002,43873.96806,2,,R098,,,,,,,,,,,N_E,Type8
1029,PL061PL017,3,PL061,43873.75,PL017,43873.76458,2,,R121,,,,,,,,,,,N_D,Type6
1030,PL068PL069,3,PL068,43873.75278,PL069,43873.78958,2,,R122,,,,,,,,,,,0,Type2
1031,PL032PL094,3,PL032,43873.75347,PL094,43873.90556,2,,R015,,,,,,,,,,,0,Type3
1032,PL020PL012,3,PL020,43873.77083,PL012,43873.78472,2,,R081,,,,,,,,,,,N_D,Type6
1033,PL020PL035,3,PL020,43873.79167,PL035,43873.95833,2,,R094,,,,,,,,,,,H_D,Type4
1034,PL020PL026,3,PL020,43873.79167,PL026,43874.20139,2,,R092,,,,,,,,,,,H_E,Type5
1035,PL070PL003,3,PL070,43873.81736,PL003,43873.82917,2,,R125,,,,,,,,,,,N_D,Type7
1036,PL037PL011,3,PL037,43873.82917,PL011,43874.04375,2,,R070,,,,,,,,,,,H_E,Type5
1037,PL085PL035,3,PL085,43873.83333,PL035,43873.86528,2,,R126,,,,,,,,,,,H_D,Type4
1038,PL016PL008,3,PL016,43873.83333,PL008,43874.02292,2,,R067,,,,,,,,,,,H_D,Type4
1039,PL032PL094,3,PL032,43873.83333,PL094,43874,2,,R015,,,,,,,,,,,N_E,Type8
1040,PL058PL094,3,PL058,43873.83333,PL094,43873.87639,2,,R102,,,,,,,,,,,N_D,Type6
1041,PL015PL101,3,PL015,43873.83958,PL101,43874.05069,2,,R101,,,,,,,,,,,H_E,Type5
1042,PL094PL011,3,PL094,43873.84028,PL011,43873.84792,2,,R038,,,,,,,,,,,0,Type3
1043,PL010PL001,3,PL010,43873.84375,PL001,43874.23958,2,,R163,,,,,,,,,,,H_E,Type5
1044,PL071PL047,3,PL071,43873.85903,PL047,43873.96944,2,,R066,,,,,,,,,,,N_E,Type8
1045,PL022PL017,3,PL022,43873.875,PL017,43873.91528,2,,R068,,,,,,,,,,,N_E,Type8
1046,PL020PL012,3,PL020,43873.875,PL012,43873.8875,2,,R081,,,,,,,,,,,N_D,Type6
1047,PL013PL006,3,PL013,43873.88542,PL006,43873.99306,2,,R059,,,,,,,,,,,N_D,Type6
1048,PL018PL105,3,PL018,43873.88819,PL105,43874.28472,2,,R186,,,,,,,,,,,H_E,Type5
1049,PL032PL094,3,PL032,43873.90278,PL094,43874.01736,2,,R015,,,,,,,,,,,H_E,Type5
1050,PL086PL003,3,PL086,43873.90833,PL003,43874.01875,2,,R155,,,,,,,,,,,N_D,Type7
1051,PL094PL015,3,PL094,43873.91806,PL015,43874.23611,2,,R097,,,,,,,,,,,H_E,Type5
1052,PL032PL050,3,PL032,43873.91944,PL050,43874.13264,2,,R011,,,,,,,,,,,H_E,Type5
1053,PL078PL084,3,PL078,43873.92708,PL084,43874.16667,2,,R164,,,,,,,,,,,H_E,Type5
1054,PL002PL030,3,PL002,43873.95556,PL030,43874.20764,2,,R156,,,,,,,,,,,N_E,Type8
1055,PL006PL013,3,PL006,43873.95764,PL013,43874.05694,2,,R059,,,,,,,,,,,N_D,Type6
1056,PL022PL008,3,PL022,43873.97083,PL008,43874.04028,2,,R127,,,,,,,,,,,N_D,Type6
1057,PL011PL094,3,PL011,43873.97917,PL094,43873.98472,2,,R038,,,,,,,,,,,0,Type3
1058,PL047PL006,3,PL047,43873.98333,PL006,43874.30208,2,,R077,,,,,,,,,,,N_E,Type8
1059,PL071PL020,4,PL071,43874.02292,PL020,43874.12986,2,,R069,,,,,,,,,,,N_E,Type8
1060,PL032PL094,4,PL032,43874.04931,PL094,43874.19583,2,,R015,,,,,,,,,,,0,Type3
1061,PL094PL030,4,PL094,43874.05486,PL030,43874.23958,2,,R085,,,,,,,,,,,H_E,Type5
1062,PL017PL020,4,PL017,43874.05764,PL020,43874.12569,2,,R024,,,,,,,,,,,N_E,Type8
1063,PL101PL045,4,PL101,43874.06458,PL045,43874.35486,2,,R096,,,,,,,,,,,H_E,Type5
1064,PL048PL050,4,PL048,43874.08056,PL050,43874.275,2,,R078,,,,,,,,,,,H_E,Type5
1065,PL094PL073,4,PL094,43874.08333,PL073,43874.29167,2,,R189,,,,,,,,,,,N_E,Type8
1066,PL012PL020,4,PL012,43874.125,PL020,43874.14097,2,,R081,,,,,,,,,,,N_D,Type6
1067,PL020PL006,4,PL020,43874.14375,PL006,43874.47222,2,,R054,,,,,,,,,,,N_E,Type8
1068,PL050PL034,4,PL050,43874.14653,PL034,43874.23056,2,,R071,,,,,,,,,,,H_E,Type5
1069,PL013PL006,4,PL013,43874.1625,PL006,43874.31181,2,,R059,,,,,,,,,,,N_D,Type6
1070,PL008PL022,4,PL008,43874.16667,PL022,43874.24931,2,,R127,,,,,,,,,,,N_D,Type6
1071,PL012PL020,4,PL012,43874.16667,PL020,43874.17569,2,,R081,,,,,,,,,,,N_D,Type6
1072,PL094PL005,4,PL094,43874.17639,PL005,43874.27986,2,,R091,,,,,,,,,,,H_E,Type5
1073,PL026PL003,4,PL026,43874.19722,PL003,43874.27292,2,,R027,,,,,,,,,,,H_E,Type5
1074,PL045PL011,4,PL045,43874.20556,PL011,43874.41806,2,,R100,,,,,,,,,,,H_E,Type5
1075,PL020PL015,4,PL020,43874.21736,PL015,43874.61667,2,,R129,,,,,,,,,,,H_E,Type5
1076,PL003PL045,4,PL003,43874.24028,PL045,43874.26319,2,,R135,,,,,,,,,,,N_D,Type7
1077,PL001PL104,4,PL001,43874.26042,PL104,43874.65972,2,,R167,,,,,,,,,,,H_E,Type5
1078,PL020PL017,4,PL020,43874.26944,PL017,43874.32431,2,,R024,,,,,,,,,,,N_E,Type8
1079,PL094PL011,4,PL094,43874.27917,PL011,43874.28472,2,,R038,,,,,,,,,,,0,Type3
1080,PL035PL020,4,PL035,43874.28819,PL020,43874.55486,2,,R094,,,,,,,,,,,H_D,Type4
1081,PL050PL032,4,PL050,43874.28889,PL032,43874.56528,2,,R011,,,,,,,,,,,H_E,Type5
1082,PL005PL032,4,PL005,43874.29375,PL032,43874.30903,2,,R089,,,,,,,,,,,H_E,Type5
1083,PL020PL016,4,PL020,43874.31042,PL016,43874.32639,2,,R022,,,,,,,,,,,N_D,Type6
1084,PL105PL071,4,PL105,43874.31042,PL071,43874.45556,2,,R188,,,,,,,,,,,H_E,Type5
1085,PL073PL094,4,PL073,43874.33333,PL094,43874.5,2,,R189,,,,,,,,,,,N_E,Type8
1086,PL026PL003,4,PL026,43874.34167,PL003,43874.425,2,,R027,,,,,,,,,,,H_E,Type5
1087,PL022PL023,4,PL022,43874.35417,PL023,43874.39583,2,,R041,,,,,,,,,,,N_D,Type6
1088,PL003PL080,4,PL003,43874.38403,PL080,43874.48681,2,,R138,,,,,,,,,,,N_D,Type7
1089,PL094PL029,4,PL094,43874.38542,PL029,43874.39792,2,,R053,,,,,,,,,,,N_D,Type6
1090,PL017PL074,4,PL017,43874.39583,PL074,43874.4375,2,,R134,,,,,,,,,,,N_D,Type6
1091,PL011PL094,4,PL011,43874.40625,PL094,43874.41181,2,,R038,,,,,,,,,,,0,Type3
1092,PL003PL026,4,PL003,43874.40625,PL026,43874.48958,2,,R027,,,,,,,,,,,H_E,Type5
1093,PL008PL016,4,PL008,43874.41667,PL016,43874.5625,2,,R067,,,,,,,,,,,H_D,Type4
1094,PL023PL022,4,PL023,43874.41667,PL022,43874.45833,2,,R041,,,,,,,,,,,N_D,Type6
1095,PL011PL032,4,PL011,43874.41736,PL032,43874.55625,2,,R052,,,,,,,,,,,0,Type3
1096,PL002PL013,4,PL002,43874.41875,PL013,43874.51597,2,,R055,,,,,,,,,,,N_D,Type6
1097,PL094PL032,4,PL094,43874.42431,PL032,43874.60556,2,,R015,,,,,,,,,,,0,Type3
1098,PL003PL022,4,PL003,43874.45139,PL022,43874.59514,2,,R060,,,,,,,,,,,N_E,Type8
1099,PL017PL022,4,PL017,43874.45556,PL022,43874.50694,2,,R068,,,,,,,,,,,N_E,Type8
1100,PL074PL017,4,PL074,43874.45833,PL017,43874.49306,2,,R134,,,,,,,,,,,N_D,Type6
1101,PL003PL033,4,PL003,43874.47014,PL033,43874.49167,2,,R048,,,,,,,,,,,H_E,Type5
1102,PL011PL032,4,PL011,43874.48264,PL032,43874.62083,2,,R052,,,,,,,,,,,H_E,Type5
1103,PL032PL011,4,PL032,43874.5,PL011,43874.63194,2,,R052,,,,,,,,,,,H_E,Type5
1104,PL015PL077,4,PL015,43874.5,PL077,43874.90625,2,,R145,,,,,,,,,,,H_E,Type5
1105,PL016PL020,4,PL016,43874.50139,PL020,43874.51806,2,,R022,,,,,,,,,,,N_D,Type6
1106,PL017PL061,4,PL017,43874.52778,PL061,43874.54306,2,,R121,,,,,,,,,,,N_D,Type6
1107,PL094PL011,4,PL094,43874.54167,PL011,43874.54931,2,,R038,,,,,,,,,,,0,Type3
1108,PL069PL068,4,PL069,43874.54444,PL068,43874.59097,2,,R122,,,,,,,,,,,0,Type2
1109,PL034PL050,4,PL034,43874.54861,PL050,43874.63194,2,,R071,,,,,,,,,,,H_E,Type5
1110,PL029PL094,4,PL029,43874.54861,PL094,43874.55903,2,,R053,,,,,,,,,,,N_D,Type6
1111,PL032PL094,4,PL032,43874.55694,PL094,43874.75486,2,,R015,,,,,,,,,,,0,Type3
1112,PL006PL020,4,PL006,43874.55903,PL020,43874.88264,2,,R054,,,,,,,,,,,N_E,Type8
1113,PL020PL116,4,PL020,43874.5625,PL116,43874.625,2,,R162,,,,,,,,,,,N_D,Type6
1114,PL080PL003,4,PL080,43874.58333,PL003,43874.72361,2,,R138,,,,,,,,,,,N_D,Type7
1115,PL013PL002,4,PL013,43874.5875,PL002,43874.70694,2,,R055,,,,,,,,,,,N_D,Type6
1116,PL050PL032,4,PL050,43874.64583,PL032,43874.92778,2,,R011,,,,,,,,,,,H_E,Type5
1117,PL033PL003,4,PL033,43874.67431,PL003,43874.69583,2,,R048,,,,,,,,,,,H_E,Type5
1118,PL006PL013,4,PL006,43874.6875,PL013,43874.80486,2,,R059,,,,,,,,,,,N_D,Type6
1119,PL011PL094,4,PL011,43874.72222,PL094,43874.72778,2,,R038,,,,,,,,,,,0,Type3
1120,PL003PL026,4,PL003,43874.72361,PL026,43874.80486,2,,R027,,,,,,,,,,,H_E,Type5
1121,PL032PL005,4,PL032,43874.72847,PL005,43874.74444,2,,R089,,,,,,,,,,,H_E,Type5
1122,PL022PL003,4,PL022,43874.72917,PL003,43874.89028,2,,R060,,,,,,,,,,,N_E,Type8
1123,PL104PL117,4,PL104,43874.75,PL117,43874.79167,2,,R194,,,,,,,,,,,H_D,Type4
1124,PL061PL017,4,PL061,43874.75,PL017,43874.76458,2,,R121,,,,,,,,,,,N_D,Type6
1125,PL068PL069,4,PL068,43874.75278,PL069,43874.78958,2,,R122,,,,,,,,,,,0,Type2
1126,PL017PL113,4,PL017,43874.75694,PL113,43874.79167,2,,R144,,,,,,,,,,,N_D,Type6
1127,PL020PL082,4,PL020,43874.76042,PL082,43874.78125,2,,R166,,,,,,,,,,,N_D,Type6
1128,PL005PL094,4,PL005,43874.77153,PL094,43874.88194,2,,R091,,,,,,,,,,,H_E,Type5
1129,PL116PL020,4,PL116,43874.79167,PL020,43874.85417,2,,R162,,,,,,,,,,,N_D,Type6
1130,PL011PL015,4,PL011,43874.79514,PL015,43875.05278,2,,R123,,,,,,,,,,,H_E,Type5
1131,PL015PL094,4,PL015,43874.82986,PL094,43875.05417,2,,R097,,,,,,,,,,,H_E,Type5
1132,PL016PL008,4,PL016,43874.83333,PL008,43875.02292,2,,R067,,,,,,,,,,,H_D,Type4
1133,PL113PL017,4,PL113,43874.83333,PL017,43874.875,2,,R144,,,,,,,,,,,N_D,Type6
1134,PL094PL032,4,PL094,43874.83472,PL032,43874.97014,2,,R015,,,,,,,,,,,0,Type3
1135,PL094PL011,4,PL094,43874.84028,PL011,43874.84792,2,,R038,,,,,,,,,,,0,Type3
1136,PL071PL047,4,PL071,43874.85903,PL047,43874.96944,2,,R066,,,,,,,,,,,N_E,Type8
1137,PL045PL101,4,PL045,43874.86597,PL101,43875.14097,2,,R096,,,,,,,,,,,H_E,Type5
1138,PL022PL017,4,PL022,43874.875,PL017,43874.91528,2,,R068,,,,,,,,,,,N_E,Type8
1139,PL013PL006,4,PL013,43874.88542,PL006,43874.99306,2,,R059,,,,,,,,,,,N_D,Type6
1140,PL020PL071,4,PL020,43874.89722,PL071,43875.02153,2,,R069,,,,,,,,,,,N_E,Type8
1141,PL011PL037,4,PL011,43874.90417,PL037,43875.225,2,,R070,,,,,,,,,,,H_E,Type5
1142,PL030PL094,4,PL030,43874.92431,PL094,43875.10278,2,,R085,,,,,,,,,,,H_E,Type5
1143,PL077PL034,4,PL077,43874.92708,PL034,43875.16667,2,,R074,,,,,,,,,,,H_E,Type5
1144,PL003PL033,4,PL003,43874.93819,PL033,43874.96528,2,,R048,,,,,,,,,,,N_D,Type7
1145,PL006PL013,4,PL006,43874.95764,PL013,43875.05694,2,,R059,,,,,,,,,,,N_D,Type6
1146,PL011PL094,4,PL011,43874.97917,PL094,43874.98472,2,,R038,,,,,,,,,,,0,Type3
1147,PL047PL006,4,PL047,43874.98333,PL006,43875.30208,2,,R077,,,,,,,,,,,N_E,Type8
1148,PL032PL011,5,PL032,43875.02083,PL011,43875.13958,2,,R052,,,,,,,,,,,0,Type3
1149,PL071PL020,5,PL071,43875.02292,PL020,43875.12986,2,,R069,,,,,,,,,,,N_E,Type8
1150,PL032PL094,5,PL032,43875.04931,PL094,43875.19583,2,,R015,,,,,,,,,,,0,Type3
1151,PL017PL020,5,PL017,43875.05764,PL020,43875.12569,2,,R024,,,,,,,,,,,N_E,Type8
1152,PL082PL020,5,PL082,43875.08333,PL020,43875.125,2,,R166,,,,,,,,,,,N_D,Type6
1153,PL015PL031,5,PL015,43875.10417,PL031,43875.13264,2,,R128,,,,,,,,,,,H_E,Type5
1154,PL032PL050,5,PL032,43875.10417,PL050,43875.34931,2,,R011,,,,,,,,,,,H_E,Type5
1155,PL020PL012,5,PL020,43875.12639,PL012,43875.13611,2,,R081,,,,,,,,,,,N_D,Type6
1156,PL020PL006,5,PL020,43875.14375,PL006,43875.47222,2,,R054,,,,,,,,,,,N_E,Type8
1157,PL020PL035,5,PL020,43875.15347,PL035,43875.30208,2,,R094,,,,,,,,,,,H_D,Type4
1158,PL101PL015,5,PL101,43875.15486,PL015,43875.43611,2,,R101,,,,,,,,,,,H_E,Type5
1159,PL013PL006,5,PL013,43875.1625,PL006,43875.31181,2,,R059,,,,,,,,,,,N_D,Type6
1160,PL094PL011,5,PL094,43875.17708,PL011,43875.18542,2,,R038,,,,,,,,,,,0,Type3
1161,PL026PL003,5,PL026,43875.19722,PL003,43875.27292,2,,R027,,,,,,,,,,,H_E,Type5
1162,PL094PL032,5,PL094,43875.20833,PL032,43875.31806,2,,R015,,,,,,,,,,,H_E,Type5
1163,PL026PL020,5,PL026,43875.20833,PL020,43875.61806,2,,R092,,,,,,,,,,,H_E,Type5
1164,PL032PL094,5,PL032,43875.20972,PL094,43875.32708,2,,R015,,,,,,,,,,,0,Type3
1165,PL033PL003,5,PL033,43875.21528,PL003,43875.24028,2,,R048,,,,,,,,,,,N_D,Type7
1166,PL012PL020,5,PL012,43875.21528,PL020,43875.225,2,,R081,,,,,,,,,,,N_D,Type6
1167,PL094PL029,5,PL094,43875.23819,PL029,43875.24792,2,,R053,,,,,,,,,,,N_D,Type6
1168,PL020PL017,5,PL020,43875.26944,PL017,43875.32431,2,,R024,,,,,,,,,,,N_E,Type8
1169,PL094PL011,5,PL094,43875.27917,PL011,43875.28472,2,,R038,,,,,,,,,,,0,Type3
1170,PL094PL058,5,PL094,43875.29931,PL058,43875.34375,2,,R102,,,,,,,,,,,N_D,Type6
1171,PL020PL056,5,PL020,43875.30486,PL056,43875.31944,2,,R109,,,,,,,,,,,N_D,Type6
1172,PL017PL028,5,PL017,43875.31181,PL028,43875.33333,2,,R111,,,,,,,,,,,N_D,Type6
1173,PL032PL050,5,PL032,43875.3375,PL050,43875.59653,2,,R011,,,,,,,,,,,H_E,Type5
1174,PL050PL048,5,PL050,43875.36319,PL048,43875.58611,2,,R078,,,,,,,,,,,H_E,Type5
1175,PL022PL067,5,PL022,43875.375,PL067,43875.3875,2,,R113,,,,,,,,,,,N_D,Type6
1176,PL006PL020,5,PL006,43875.37708,PL020,43875.76597,2,,R054,,,,,,,,,,,N_E,Type8
1177,PL094PL029,5,PL094,43875.38542,PL029,43875.39792,2,,R053,,,,,,,,,,,N_D,Type6
1178,PL003PL066,5,PL003,43875.38958,PL066,43875.43056,2,,R116,,,,,,,,,,,N_D,Type7
1179,PL015PL105,5,PL015,43875.39236,PL105,43875.76389,2,,R168,,,,,,,,,,,H_E,Type5
1180,PL020PL065,5,PL020,43875.39236,PL065,43875.45486,2,,R118,,,,,,,,,,,N_D,Type6
1181,PL011PL094,5,PL011,43875.40625,PL094,43875.41181,2,,R038,,,,,,,,,,,0,Type3
1182,PL003PL026,5,PL003,43875.40625,PL026,43875.48958,2,,R027,,,,,,,,,,,H_E,Type5
1183,PL094PL007,5,PL094,43875.40833,PL007,43875.59931,2,,R039,,,,,,,,,,,N_E,Type8
1184,PL008PL016,5,PL008,43875.41667,PL016,43875.5625,2,,R067,,,,,,,,,,,H_D,Type4
1185,PL084PL010,5,PL084,43875.41667,PL010,43875.75,2,,R042,,,,,,,,,,,H_E,Type5
1186,PL011PL032,5,PL011,43875.41736,PL032,43875.55625,2,,R052,,,,,,,,,,,0,Type3
1187,PL002PL013,5,PL002,43875.41875,PL013,43875.51597,2,,R055,,,,,,,,,,,N_D,Type6
1188,PL003PL022,5,PL003,43875.45139,PL022,43875.59514,2,,R060,,,,,,,,,,,N_E,Type8
1189,PL017PL022,5,PL017,43875.45556,PL022,43875.50694,2,,R068,,,,,,,,,,,N_E,Type8
1190,PL035PL020,5,PL035,43875.45833,PL020,43875.625,2,,R094,,,,,,,,,,,H_D,Type4
1191,PL035PL046,5,PL035,43875.45833,PL046,43875.5,2,,R193,,,,,,,,,,,N_D,Type6
1192,PL056PL020,5,PL056,43875.47917,PL020,43875.49306,2,,R109,,,,,,,,,,,N_D,Type6
1193,PL028PL017,5,PL028,43875.52431,PL017,43875.54028,2,,R111,,,,,,,,,,,N_D,Type6
1194,PL017PL061,5,PL017,43875.52778,PL061,43875.54306,2,,R121,,,,,,,,,,,N_D,Type6
1195,PL094PL011,5,PL094,43875.54167,PL011,43875.54931,2,,R038,,,,,,,,,,,0,Type3
1196,PL067PL022,5,PL067,43875.54375,PL022,43875.55625,2,,R113,,,,,,,,,,,N_D,Type6
1197,PL029PL094,5,PL029,43875.54861,PL094,43875.55903,2,,R053,,,,,,,,,,,N_D,Type6
1198,PL066PL003,5,PL066,43875.55556,PL003,43875.59931,2,,R116,,,,,,,,,,,N_D,Type7
1199,PL006PL020,5,PL006,43875.55903,PL020,43875.88264,2,,R054,,,,,,,,,,,N_E,Type8
1200,PL065PL020,5,PL065,43875.58333,PL020,43875.64375,2,,R118,,,,,,,,,,,N_D,Type6
1201,PL069PL068,5,PL069,43875.58333,PL068,43875.62986,2,,R122,,,,,,,,,,,0,Type2
1202,PL013PL002,5,PL013,43875.5875,PL002,43875.70694,2,,R055,,,,,,,,,,,N_D,Type6
1203,PL029PL094,5,PL029,43875.59583,PL094,43875.60764,2,,R053,,,,,,,,,,,N_D,Type6
1204,PL050PL034,5,PL050,43875.61042,PL034,43875.7,2,,R071,,,,,,,,,,,H_E,Type5
1205,PL046PL035,5,PL046,43875.625,PL035,43875.66667,2,,R193,,,,,,,,,,,N_D,Type6
1206,PL003PL070,5,PL003,43875.64931,PL070,43875.66111,2,,R125,,,,,,,,,,,N_D,Type7
1207,PL071PL105,5,PL071,43875.66667,PL105,43875.83194,2,,R188,,,,,,,,,,,H_E,Type5
1208,PL002PL007,5,PL002,43875.66736,PL007,43875.86806,2,,R098,,,,,,,,,,,N_E,Type8
1209,PL006PL013,5,PL006,43875.6875,PL013,43875.80486,2,,R059,,,,,,,,,,,N_D,Type6
1210,PL068PL069,5,PL068,43875.70833,PL069,43875.77083,2,,R122,,,,,,,,,,,0,Type2
1211,PL011PL094,5,PL011,43875.72222,PL094,43875.72778,2,,R038,,,,,,,,,,,0,Type3
1212,PL022PL003,5,PL022,43875.72917,PL003,43875.89028,2,,R060,,,,,,,,,,,N_E,Type8
1213,PL007PL002,5,PL007,43875.73472,PL002,43875.96806,2,,R098,,,,,,,,,,,N_E,Type8
1214,PL061PL017,5,PL061,43875.75,PL017,43875.76458,2,,R121,,,,,,,,,,,N_D,Type6
1215,PL032PL094,5,PL032,43875.75347,PL094,43875.90556,2,,R015,,,,,,,,,,,0,Type3
1216,PL020PL071,5,PL020,43875.78264,PL071,43875.85625,2,,R069,,,,,,,,,,,N_E,Type8
1217,PL105PL020,5,PL105,43875.78611,PL020,43875.84861,2,,R171,,,,,,,,,,,H_E,Type5
1218,PL020PL035,5,PL020,43875.79167,PL035,43875.95833,2,,R094,,,,,,,,,,,H_D,Type4
1219,PL020PL026,5,PL020,43875.79167,PL026,43876.20139,2,,R092,,,,,,,,,,,H_E,Type5
1220,PL011PL007,5,PL011,43875.81042,PL007,43876.00417,2,,R172,,,,,,,,,,,N_E,Type8
1221,PL070PL003,5,PL070,43875.81736,PL003,43875.82917,2,,R125,,,,,,,,,,,N_D,Type7
1222,PL016PL008,5,PL016,43875.83333,PL008,43876.02292,2,,R067,,,,,,,,,,,H_D,Type4
1223,PL094PL011,5,PL094,43875.84028,PL011,43875.84792,2,,R038,,,,,,,,,,,0,Type3
1224,PL012PL047,5,PL012,43875.85417,PL047,43875.85556,2,,R173,,,,,,,,,,,N_D,Type6
1225,PL105PL018,5,PL105,43875.86181,PL018,43876.28403,2,,R186,,,,,,,,,,,H_E,Type5
1226,PL047PL003,5,PL047,43875.87361,PL003,43876.06944,2,,R174,,,,,,,,,,,N_E,Type8
1227,PL022PL017,5,PL022,43875.875,PL017,43875.91528,2,,R068,,,,,,,,,,,N_E,Type8
1228,PL020PL012,5,PL020,43875.875,PL012,43875.8875,2,,R081,,,,,,,,,,,N_D,Type6
1229,PL007PL094,5,PL007,43875.88333,PL094,43876.08264,2,,R039,,,,,,,,,,,N_E,Type8
1230,PL013PL006,5,PL013,43875.88542,PL006,43875.99306,2,,R059,,,,,,,,,,,N_D,Type6
1231,PL020PL071,5,PL020,43875.89722,PL071,43876.02153,2,,R069,,,,,,,,,,,N_E,Type8
1232,PL032PL094,5,PL032,43875.90278,PL094,43876.01736,2,,R015,,,,,,,,,,,H_E,Type5
1233,PL034PL050,5,PL034,43875.90972,PL050,43875.99653,2,,R071,,,,,,,,,,,H_E,Type5
1234,PL045PL003,5,PL045,43875.91875,PL003,43875.93889,2,,R135,,,,,,,,,,,N_D,Type7
1235,PL003PL033,5,PL003,43875.93819,PL033,43875.96528,2,,R048,,,,,,,,,,,N_D,Type7
1236,PL002PL007,5,PL002,43875.95556,PL007,43876.19583,2,,R098,,,,,,,,,,,N_E,Type8
1237,PL006PL013,5,PL006,43875.95764,PL013,43876.05694,2,,R059,,,,,,,,,,,N_D,Type6
1238,PL022PL008,5,PL022,43875.97083,PL008,43876.04028,2,,R127,,,,,,,,,,,N_D,Type6
1239,PL011PL094,5,PL011,43875.97917,PL094,43875.98472,2,,R038,,,,,,,,,,,0,Type3
1240,PL050PL032,6,PL050,43876.01042,PL032,43876.28542,3,,R011,,,,,,,,,,,H_E,Type5
1241,PL071PL020,6,PL071,43876.02292,PL020,43876.12986,3,,R069,,,,,,,,,,,N_E,Type8
1242,PL007PL006,6,PL007,43876.02708,PL006,43876.25972,3,,R035,,,,,,,,,,,N_E,Type8
1243,PL032PL094,6,PL032,43876.04931,PL094,43876.19583,3,,R015,,,,,,,,,,,0,Type3
1244,PL094PL030,6,PL094,43876.05486,PL030,43876.23958,3,,R085,,,,,,,,,,,H_E,Type5
1245,PL017PL020,6,PL017,43876.05764,PL020,43876.12569,3,,R024,,,,,,,,,,,N_E,Type8
1246,PL020PL016,6,PL020,43876.06667,PL016,43876.08333,3,,R022,,,,,,,,,,,N_D,Type6
1247,PL048PL050,6,PL048,43876.08056,PL050,43876.275,3,,R078,,,,,,,,,,,H_E,Type5
1248,PL032PL050,6,PL032,43876.10417,PL050,43876.34931,3,,R011,,,,,,,,,,,H_E,Type5
1249,PL012PL020,6,PL012,43876.125,PL020,43876.14097,3,,R081,,,,,,,,,,,N_D,Type6
1250,PL031PL015,6,PL031,43876.125,PL015,43876.15417,3,,R128,,,,,,,,,,,H_E,Type5
1251,PL020PL006,6,PL020,43876.14375,PL006,43876.47222,3,,R054,,,,,,,,,,,N_E,Type8
1252,PL013PL006,6,PL013,43876.1625,PL006,43876.31181,3,,R059,,,,,,,,,,,N_D,Type6
1253,PL008PL022,6,PL008,43876.16667,PL022,43876.24931,3,,R127,,,,,,,,,,,N_D,Type6
1254,PL058PL094,6,PL058,43876.17014,PL094,43876.21319,3,,R102,,,,,,,,,,,N_D,Type6
1255,PL032PL094,6,PL032,43876.1875,PL094,43876.32708,3,,R015,,,,,,,,,,,0,Type3
1256,PL026PL003,6,PL026,43876.19722,PL003,43876.27292,3,,R027,,,,,,,,,,,H_E,Type5
1257,PL033PL003,6,PL033,43876.21528,PL003,43876.24028,3,,R048,,,,,,,,,,,N_D,Type7
1258,PL007PL094,6,PL007,43876.21736,PL094,43876.46597,3,,R039,,,,,,,,,,,N_E,Type8
1259,PL032PL094,6,PL032,43876.22222,PL094,43876.3375,3,,R015,,,,,,,,,,,0,Type3
1260,PL016PL020,6,PL016,43876.22361,PL020,43876.24028,3,,R022,,,,,,,,,,,N_D,Type6
1261,PL094PL011,6,PL094,43876.24306,PL011,43876.24931,3,,R038,,,,,,,,,,,N_D,Type6
1262,PL015PL011,6,PL015,43876.24653,PL011,43876.53819,3,,R123,,,,,,,,,,,H_E,Type5
1263,PL020PL017,6,PL020,43876.25,PL017,43876.30486,3,,R024,,,,,,,,,,,N_E,Type8
1264,PL003PL026,6,PL003,43876.26944,PL026,43876.33403,3,,R027,,,,,,,,,,,H_E,Type5
1265,PL094PL011,6,PL094,43876.27917,PL011,43876.28472,3,,R038,,,,,,,,,,,0,Type3
1266,PL035PL020,6,PL035,43876.28819,PL020,43876.55486,3,,R094,,,,,,,,,,,H_D,Type4
1267,PL050PL032,6,PL050,43876.28889,PL032,43876.56528,3,,R011,,,,,,,,,,,H_E,Type5
1268,PL032PL050,6,PL032,43876.3375,PL050,43876.59653,3,,R011,,,,,,,,,,,H_E,Type5
1269,PL026PL003,6,PL026,43876.34167,PL003,43876.425,3,,R027,,,,,,,,,,,H_E,Type5
1270,PL050PL048,6,PL050,43876.36319,PL048,43876.58611,3,,R078,,,,,,,,,,,H_E,Type5
1271,PL020PL076,6,PL020,43876.375,PL076,43876.41667,3,,R051,,,,,,,,,,,N_D,Type6
1272,PL006PL007,6,PL006,43876.37847,PL007,43876.56944,3,,R035,,,,,,,,,,,N_E,Type8
1273,PL094PL029,6,PL094,43876.38542,PL029,43876.39792,3,,R053,,,,,,,,,,,N_D,Type6
1274,PL003PL026,6,PL003,43876.40625,PL026,43876.48958,3,,R027,,,,,,,,,,,H_E,Type5
1275,PL011PL094,6,PL011,43876.40625,PL094,43876.41181,3,,R038,,,,,,,,,,,0,Type3
1276,PL094PL007,6,PL094,43876.40833,PL007,43876.59931,3,,R039,,,,,,,,,,,N_E,Type8
1277,PL019PL022,6,PL019,43876.41667,PL022,43876.5,3,,R043,,,,,,,,,,,N_D,Type6
1278,PL008PL016,6,PL008,43876.41667,PL016,43876.5625,3,,R067,,,,,,,,,,,H_D,Type4
1279,PL011PL032,6,PL011,43876.41736,PL032,43876.55625,3,,R052,,,,,,,,,,,0,Type3
1280,PL002PL013,6,PL002,43876.41875,PL013,43876.51597,3,,R055,,,,,,,,,,,N_D,Type6
1281,PL017PL022,6,PL017,43876.43611,PL022,43876.4875,3,,R068,,,,,,,,,,,N_E,Type8
1282,PL003PL022,6,PL003,43876.45139,PL022,43876.59514,3,,R060,,,,,,,,,,,N_E,Type8
1283,PL015PL101,6,PL015,43876.4625,PL101,43876.65,3,,R101,,,,,,,,,,,H_E,Type5
1284,PL003PL033,6,PL003,43876.47014,PL033,43876.49167,3,,R048,,,,,,,,,,,H_E,Type5
1285,PL094PL032,6,PL094,43876.47431,PL032,43876.60278,3,,R015,,,,,,,,,,,0,Type3
1286,PL015PL077,6,PL015,43876.5,PL077,43876.90625,3,,R145,,,,,,,,,,,H_E,Type5
1287,PL032PL011,6,PL032,43876.5,PL011,43876.63194,3,,R052,,,,,,,,,,,H_E,Type5
1288,PL076PL020,6,PL076,43876.5,PL020,43876.54167,3,,R051,,,,,,,,,,,N_D,Type6
1289,PL094PL011,6,PL094,43876.54167,PL011,43876.54931,3,,R038,,,,,,,,,,,0,Type3
1290,PL029PL094,6,PL029,43876.54861,PL094,43876.55903,3,,R053,,,,,,,,,,,N_D,Type6
1291,PL032PL094,6,PL032,43876.55694,PL094,43876.75486,3,,R015,,,,,,,,,,,0,Type3
1292,PL006PL020,6,PL006,43876.55903,PL020,43876.86111,3,,R054,,,,,,,,,,,N_E,Type8
1293,PL013PL002,6,PL013,43876.5875,PL002,43876.70694,3,,R055,,,,,,,,,,,N_D,Type6
1294,PL050PL034,6,PL050,43876.61042,PL034,43876.7,3,,R071,,,,,,,,,,,H_E,Type5
1295,PL007PL011,6,PL007,43876.61111,PL011,43876.79931,3,,R172,,,,,,,,,,,N_E,Type8
1296,PL106PL083,6,PL106,43876.61458,PL083,43876.97222,3,,R176,,,,,,,,,,,H_E,Type5
1297,PL094PL032,6,PL094,43876.64236,PL032,43876.78611,3,,R015,,,,,,,,,,,0,Type3
1298,PL101PL107,6,PL101,43876.66319,PL107,43876.88611,3,,R177,,,,,,,,,,,H_E,Type5
1299,PL033PL003,6,PL033,43876.67431,PL003,43876.69583,3,,R048,,,,,,,,,,,H_E,Type5
1300,PL011PL094,6,PL011,43876.68403,PL094,43876.69028,3,,R038,,,,,,,,,,,N_D,Type6
1301,PL006PL013,6,PL006,43876.6875,PL013,43876.80486,3,,R059,,,,,,,,,,,N_D,Type6
1302,PL022PL003,6,PL022,43876.70139,PL003,43876.87014,3,,R060,,,,,,,,,,,N_E,Type8
1303,PL011PL094,6,PL011,43876.72222,PL094,43876.72778,3,,R038,,,,,,,,,,,0,Type3
1304,PL003PL026,6,PL003,43876.72361,PL026,43876.80486,3,,R027,,,,,,,,,,,H_E,Type5
1305,PL007PL002,6,PL007,43876.73472,PL002,43876.96806,3,,R098,,,,,,,,,,,N_E,Type8
1306,PL037PL011,6,PL037,43876.82917,PL011,43877.04375,3,,R070,,,,,,,,,,,H_E,Type5
1307,PL016PL008,6,PL016,43876.83333,PL008,43877.02292,3,,R067,,,,,,,,,,,H_D,Type4
1308,PL094PL011,6,PL094,43876.84028,PL011,43876.84792,3,,R038,,,,,,,,,,,0,Type3
1309,PL071PL047,6,PL071,43876.85903,PL047,43876.96944,3,,R066,,,,,,,,,,,N_E,Type8
1310,PL022PL017,6,PL022,43876.875,PL017,43876.91528,3,,R068,,,,,,,,,,,N_E,Type8
1311,PL013PL006,6,PL013,43876.88542,PL006,43876.99306,3,,R059,,,,,,,,,,,N_D,Type6
1312,PL107PL045,6,PL107,43876.88611,PL045,43876.94375,3,,R178,,,,,,,,,,,H_E,Type5
1313,PL018PL105,6,PL018,43876.88819,PL105,43877.28472,3,,R186,,,,,,,,,,,H_E,Type5
1314,PL094PL015,6,PL094,43876.89583,PL015,43877.23611,3,,R097,,,,,,,,,,,H_E,Type5
1315,PL020PL071,6,PL020,43876.89722,PL071,43877.02153,3,,R069,,,,,,,,,,,N_E,Type8
1316,PL011PL037,6,PL011,43876.90417,PL037,43877.225,3,,R070,,,,,,,,,,,H_E,Type5
1317,PL034PL050,6,PL034,43876.90972,PL050,43876.99653,3,,R071,,,,,,,,,,,H_E,Type5
1318,PL030PL094,6,PL030,43876.92431,PL094,43877.19375,3,,R085,,,,,,,,,,,H_E,Type5
1319,PL077PL034,6,PL077,43876.92708,PL034,43877.16667,3,,R074,,,,,,,,,,,H_E,Type5
1320,PL003PL033,6,PL003,43876.93819,PL033,43876.96528,3,,R048,,,,,,,,,,,N_D,Type7
1321,PL006PL013,6,PL006,43876.95764,PL013,43877.05694,3,,R059,,,,,,,,,,,N_D,Type6
1322,PL011PL094,6,PL011,43876.97917,PL094,43876.98472,3,,R038,,,,,,,,,,,0,Type3
1323,PL047PL006,6,PL047,43876.98333,PL006,43877.30208,3,,R077,,,,,,,,,,,N_E,Type8
1324,PL050PL032,7,PL050,43877.01042,PL032,43877.28542,3,,R011,,,,,,,,,,,H_E,Type5
1325,PL094PL007,7,PL094,43877.03194,PL007,43877.33194,3,,R039,,,,,,,,,,,N_E,Type8
1326,PL017PL020,7,PL017,43877.05764,PL020,43877.12569,3,,R024,,,,,,,,,,,N_E,Type8
1327,PL026PL003,7,PL026,43877.06667,PL003,43877.13472,3,,R027,,,,,,,,,,,H_E,Type5
1328,PL048PL050,7,PL048,43877.08056,PL050,43877.275,3,,R078,,,,,,,,,,,H_E,Type5
1329,PL032PL050,7,PL032,43877.10417,PL050,43877.34931,3,,R011,,,,,,,,,,,H_E,Type5
1330,PL013PL006,7,PL013,43877.1625,PL006,43877.31181,3,,R059,,,,,,,,,,,N_D,Type6
1331,PL011PL045,7,PL011,43877.16667,PL045,43877.41319,3,,R100,,,,,,,,,,,H_E,Type5
1332,PL094PL005,7,PL094,43877.17639,PL005,43877.27986,3,,R091,,,,,,,,,,,H_E,Type5
1333,PL026PL003,7,PL026,43877.19722,PL003,43877.27292,3,,R027,,,,,,,,,,,H_E,Type5
1334,PL003PL047,7,PL003,43877.20417,PL047,43877.48264,3,,R174,,,,,,,,,,,N_E,Type8
1335,PL026PL020,7,PL026,43877.20833,PL020,43877.61806,3,,R092,,,,,,,,,,,H_E,Type5
1336,PL032PL094,7,PL032,43877.20833,PL094,43877.32431,3,,R015,,,,,,,,,,,H_E,Type5
1337,PL033PL003,7,PL033,43877.21528,PL003,43877.24028,3,,R048,,,,,,,,,,,N_D,Type7
1338,PL020PL012,7,PL020,43877.22917,PL012,43877.24028,3,,R081,,,,,,,,,,,N_D,Type6
1339,PL020PL017,7,PL020,43877.25,PL017,43877.30486,3,,R024,,,,,,,,,,,N_E,Type8
1340,PL050PL032,7,PL050,43877.28889,PL032,43877.56528,3,,R011,,,,,,,,,,,H_E,Type5
1341,PL005PL032,7,PL005,43877.29375,PL032,43877.30903,3,,R089,,,,,,,,,,,H_E,Type5
1342,PL105PL071,7,PL105,43877.31042,PL071,43877.45556,3,,R188,,,,,,,,,,,H_E,Type5
1343,PL032PL050,7,PL032,43877.3375,PL050,43877.59653,3,,R011,,,,,,,,,,,H_E,Type5
1344,PL007PL006,7,PL007,43877.34931,PL006,43877.53958,3,,R035,,,,,,,,,,,N_E,Type8
1345,PL050PL048,7,PL050,43877.36319,PL048,43877.58611,3,,R078,,,,,,,,,,,H_E,Type5
1346,PL006PL020,7,PL006,43877.37708,PL020,43877.76597,3,,R054,,,,,,,,,,,N_E,Type8
1347,PL003PL026,7,PL003,43877.37708,PL026,43877.46042,3,,R027,,,,,,,,,,,H_E,Type5
1348,PL094PL030,7,PL094,43877.38819,PL030,43877.65486,3,,R085,,,,,,,,,,,H_E,Type5
1349,PL011PL094,7,PL011,43877.40625,PL094,43877.41181,3,,R038,,,,,,,,,,,0,Type3
1350,PL094PL032,7,PL094,43877.41597,PL032,43877.52222,3,,R015,,,,,,,,,,,H_E,Type5
1351,PL083PL010,7,PL083,43877.41667,PL010,43877.75,3,,R151,,,,,,,,,,,H_E,Type5
1352,PL099PL001,7,PL099,43877.41667,PL001,43877.82292,3,,R181,,,,,,,,,,,H_E,Type5
1353,PL008PL016,7,PL008,43877.41667,PL016,43877.5625,3,,R067,,,,,,,,,,,H_D,Type4
1354,PL002PL013,7,PL002,43877.41875,PL013,43877.51597,3,,R055,,,,,,,,,,,N_D,Type6
1355,PL094PL032,7,PL094,43877.42431,PL032,43877.60556,3,,R015,,,,,,,,,,,0,Type3
1356,PL017PL022,7,PL017,43877.43611,PL022,43877.4875,3,,R068,,,,,,,,,,,N_E,Type8
1357,PL003PL022,7,PL003,43877.45139,PL022,43877.59514,3,,R060,,,,,,,,,,,N_E,Type8
1358,PL035PL020,7,PL035,43877.45833,PL020,43877.625,3,,R094,,,,,,,,,,,H_D,Type4
1359,PL011PL032,7,PL011,43877.48264,PL032,43877.62083,3,,R052,,,,,,,,,,,H_E,Type5
1360,PL094PL003,7,PL094,43877.48264,PL003,43877.65069,3,,R090,,,,,,,,,,,H_E,Type5
1361,PL047PL012,7,PL047,43877.51319,PL012,43877.52431,3,,R173,,,,,,,,,,,N_D,Type6
1362,PL006PL020,7,PL006,43877.55903,PL020,43877.86111,3,,R054,,,,,,,,,,,N_E,Type8
1363,PL003PL045,7,PL003,43877.56528,PL045,43877.58819,3,,R135,,,,,,,,,,,N_D,Type7
1364,PL011PL032,7,PL011,43877.58472,PL032,43877.72222,3,,R052,,,,,,,,,,,0,Type3
1365,PL013PL002,7,PL013,43877.5875,PL002,43877.70694,3,,R055,,,,,,,,,,,N_D,Type6
1366,PL050PL034,7,PL050,43877.61042,PL034,43877.7,3,,R071,,,,,,,,,,,H_E,Type5
1367,PL006PL013,7,PL006,43877.6875,PL013,43877.80486,3,,R059,,,,,,,,,,,N_D,Type6
1368,PL022PL003,7,PL022,43877.70139,PL003,43877.87014,3,,R060,,,,,,,,,,,N_E,Type8
1369,PL032PL005,7,PL032,43877.72847,PL005,43877.74444,3,,R089,,,,,,,,,,,H_E,Type5
1370,PL003PL094,7,PL003,43877.73194,PL094,43877.92361,3,,R090,,,,,,,,,,,H_E,Type5
1371,PL012PL020,7,PL012,43877.73264,PL020,43877.74167,3,,R081,,,,,,,,,,,N_D,Type6
1372,PL032PL094,7,PL032,43877.75347,PL094,43877.90556,3,,R015,,,,,,,,,,,0,Type3
1373,PL005PL094,7,PL005,43877.77153,PL094,43877.88194,3,,R091,,,,,,,,,,,H_E,Type5
1374,PL020PL071,7,PL020,43877.78264,PL071,43877.85764,3,,R069,,,,,,,,,,,N_E,Type8
1375,PL020PL026,7,PL020,43877.79167,PL026,43878.20139,3,,R092,,,,,,,,,,,H_E,Type5
1376,PL020PL035,7,PL020,43877.79167,PL035,43877.95833,3,,R094,,,,,,,,,,,H_D,Type4
1377,PL032PL044,7,PL032,43877.80069,PL044,43877.94167,3,,R095,,,,,,,,,,,H_E,Type5
1378,PL020PL015,7,PL020,43877.80069,PL015,43878.15694,3,,R129,,,,,,,,,,,H_E,Type5
1379,PL015PL094,7,PL015,43877.82986,PL094,43878.05417,3,,R097,,,,,,,,,,,H_E,Type5
1380,PL016PL008,7,PL016,43877.83333,PL008,43878.02292,3,,R067,,,,,,,,,,,H_D,Type4
1381,PL001PL015,7,PL001,43877.84375,PL015,43878.20833,3,,R183,,,,,,,,,,,H_E,Type5
1382,PL045PL101,7,PL045,43877.85417,PL101,43878.07708,3,,R096,,,,,,,,,,,H_E,Type5
1383,PL022PL017,7,PL022,43877.875,PL017,43877.91528,3,,R068,,,,,,,,,,,N_E,Type8
1384,PL013PL006,7,PL013,43877.88542,PL006,43877.99306,3,,R059,,,,,,,,,,,N_D,Type6
1385,PL020PL071,7,PL020,43877.89722,PL071,43878.02153,3,,R069,,,,,,,,,,,N_E,Type8
1386,PL034PL050,7,PL034,43877.90972,PL050,43877.99653,3,,R071,,,,,,,,,,,H_E,Type5
1387,PL003PL033,7,PL003,43877.93819,PL033,43877.96528,3,,R048,,,,,,,,,,,N_D,Type7
1388,PL002PL007,7,PL002,43877.95556,PL007,43878.19583,3,,R098,,,,,,,,,,,N_E,Type8
1389,PL006PL013,7,PL006,43877.95764,PL013,43878.05694,3,,R059,,,,,,,,,,,N_D,Type6
1390,PL044PL060,7,PL044,43877.95833,PL060,43878.22014,3,,R099,,,,,,,,,,,H_E,Type5
1391,PL050PL032,1,PL050,43878.01042,PL032,43878.28542,3,,R011,,,,,,,,,,,H_E,Type5
1392,PL045PL011,1,PL045,43878.02986,PL011,43878.24792,3,,R100,,,,,,,,,,,H_E,Type5
1393,PL017PL020,1,PL017,43878.05764,PL020,43878.12569,3,,R024,,,,,,,,,,,N_E,Type8
1394,PL048PL050,1,PL048,43878.08056,PL050,43878.275,3,,R078,,,,,,,,,,,H_E,Type5
1395,PL101PL015,1,PL101,43878.09097,PL015,43878.27569,3,,R101,,,,,,,,,,,H_E,Type5
1396,PL032PL050,1,PL032,43878.10417,PL050,43878.34931,3,,R011,,,,,,,,,,,H_E,Type5
1397,PL020PL012,1,PL020,43878.12639,PL012,43878.13611,3,,R081,,,,,,,,,,,N_D,Type6
1398,PL020PL035,1,PL020,43878.15347,PL035,43878.30208,3,,R094,,,,,,,,,,,H_D,Type4
1399,PL013PL006,1,PL013,43878.1625,PL006,43878.31181,3,,R059,,,,,,,,,,,N_D,Type6
1400,PL094PL011,1,PL094,43878.17708,PL011,43878.18542,3,,R038,,,,,,,,,,,0,Type3
1401,PL094PL058,1,PL094,43878.19444,PL058,43878.23958,3,,R102,,,,,,,,,,,N_D,Type6
1402,PL026PL003,1,PL026,43878.19722,PL003,43878.27292,3,,R027,,,,,,,,,,,H_E,Type5
1403,PL033PL003,1,PL033,43878.21528,PL003,43878.24028,3,,R048,,,,,,,,,,,N_D,Type7
1404,PL012PL020,1,PL012,43878.21528,PL020,43878.225,3,,R081,,,,,,,,,,,N_D,Type6
1405,PL007PL094,1,PL007,43878.21736,PL094,43878.46597,3,,R039,,,,,,,,,,,N_E,Type8
1406,PL094PL029,1,PL094,43878.23819,PL029,43878.24792,3,,R053,,,,,,,,,,,N_D,Type6
1407,PL094PL011,1,PL094,43878.24306,PL011,43878.24931,3,,R038,,,,,,,,,,,N_D,Type6
1408,PL060PL116,1,PL060,43878.26458,PL116,43878.29306,3,,R103,,,,,,,,,,,H_D,Type4
1409,PL020PL017,1,PL020,43878.26944,PL017,43878.32431,3,,R024,,,,,,,,,,,N_E,Type8
1410,PL050PL032,1,PL050,43878.28889,PL032,43878.56528,3,,R011,,,,,,,,,,,H_E,Type5
1411,PL020PL056,1,PL020,43878.30486,PL056,43878.31944,3,,R109,,,,,,,,,,,N_D,Type6
1412,PL017PL028,1,PL017,43878.31181,PL028,43878.33333,3,,R111,,,,,,,,,,,N_D,Type6
1413,PL050PL048,1,PL050,43878.36319,PL048,43878.58611,3,,R078,,,,,,,,,,,H_E,Type5
1414,PL022PL067,1,PL022,43878.375,PL067,43878.3875,3,,R113,,,,,,,,,,,N_D,Type6
1415,PL006PL020,1,PL006,43878.37708,PL020,43878.76597,3,,R054,,,,,,,,,,,N_E,Type8
1416,PL003PL026,1,PL003,43878.37708,PL026,43878.46042,3,,R027,,,,,,,,,,,H_E,Type5
1417,PL094PL029,1,PL094,43878.38542,PL029,43878.39792,3,,R053,,,,,,,,,,,N_D,Type6
1418,PL032PL094,1,PL032,43878.38889,PL094,43878.49236,3,,R015,,,,,,,,,,,0,Type3
1419,PL003PL066,1,PL003,43878.38958,PL066,43878.43056,3,,R116,,,,,,,,,,,N_D,Type7
1420,PL020PL065,1,PL020,43878.39236,PL065,43878.45486,3,,R118,,,,,,,,,,,N_D,Type6
1421,PL008PL016,1,PL008,43878.41667,PL016,43878.5625,3,,R067,,,,,,,,,,,H_D,Type4
1422,PL011PL032,1,PL011,43878.41736,PL032,43878.55625,3,,R052,,,,,,,,,,,0,Type3
1423,PL002PL013,1,PL002,43878.41875,PL013,43878.51597,3,,R055,,,,,,,,,,,N_D,Type6
1424,PL017PL022,1,PL017,43878.44931,PL022,43878.49444,3,,R068,,,,,,,,,,,N_E,Type8
1425,PL003PL022,1,PL003,43878.45139,PL022,43878.59514,3,,R060,,,,,,,,,,,N_E,Type8
1426,PL103PL094,1,PL103,43878.47917,PL094,43878.48958,3,,R110,,,,,,,,,,,N_D,Type6
1427,PL056PL020,1,PL056,43878.47917,PL020,43878.49306,3,,R109,,,,,,,,,,,N_D,Type6
1428,PL028PL017,1,PL028,43878.52431,PL017,43878.54028,3,,R111,,,,,,,,,,,N_D,Type6
1429,PL017PL061,1,PL017,43878.52778,PL061,43878.54306,3,,R121,,,,,,,,,,,N_D,Type6
1430,PL094PL011,1,PL094,43878.54167,PL011,43878.54931,3,,R038,,,,,,,,,,,0,Type3
1431,PL067PL022,1,PL067,43878.54375,PL022,43878.55625,3,,R113,,,,,,,,,,,N_D,Type6
1432,PL069PL068,1,PL069,43878.54444,PL068,43878.59097,3,,R122,,,,,,,,,,,0,Type2
1433,PL029PL094,1,PL029,43878.54861,PL094,43878.55903,3,,R053,,,,,,,,,,,N_D,Type6
1434,PL066PL003,1,PL066,43878.55556,PL003,43878.59931,3,,R116,,,,,,,,,,,N_D,Type7
1435,PL006PL020,1,PL006,43878.55903,PL020,43878.86111,3,,R054,,,,,,,,,,,N_E,Type8
1436,PL035PL085,1,PL035,43878.57292,PL085,43878.61111,3,,R126,,,,,,,,,,,H_D,Type4
1437,PL065PL020,1,PL065,43878.58333,PL020,43878.64375,3,,R118,,,,,,,,,,,N_D,Type6
1438,PL013PL002,1,PL013,43878.5875,PL002,43878.70694,3,,R055,,,,,,,,,,,N_D,Type6
1439,PL029PL094,1,PL029,43878.59583,PL094,43878.60764,3,,R053,,,,,,,,,,,N_D,Type6
1440,PL094PL032,1,PL094,43878.64236,PL032,43878.78611,3,,R015,,,,,,,,,,,0,Type3
1441,PL003PL070,1,PL003,43878.64931,PL070,43878.66111,3,,R125,,,,,,,,,,,N_D,Type7
1442,PL011PL094,1,PL011,43878.68403,PL094,43878.69028,3,,R038,,,,,,,,,,,N_D,Type6
1443,PL006PL013,1,PL006,43878.6875,PL013,43878.80486,3,,R059,,,,,,,,,,,N_D,Type6
1444,PL011PL094,1,PL011,43878.72222,PL094,43878.72778,3,,R038,,,,,,,,,,,0,Type3
1445,PL022PL003,1,PL022,43878.72917,PL003,43878.88958,3,,R060,,,,,,,,,,,N_E,Type8
1446,PL061PL017,1,PL061,43878.75,PL017,43878.76458,3,,R121,,,,,,,,,,,N_D,Type6
1447,PL068PL069,1,PL068,43878.75278,PL069,43878.78958,3,,R122,,,,,,,,,,,0,Type2
1448,PL032PL094,1,PL032,43878.75347,PL094,43878.90556,3,,R015,,,,,,,,,,,0,Type3
1449,PL015PL101,1,PL015,43878.78194,PL101,43878.98333,3,,R101,,,,,,,,,,,H_E,Type5
1450,PL020PL071,1,PL020,43878.78264,PL071,43878.85764,3,,R069,,,,,,,,,,,N_E,Type8
1451,PL011PL015,1,PL011,43878.79514,PL015,43879.05278,3,,R123,,,,,,,,,,,H_E,Type5
1452,PL030PL002,1,PL030,43878.81042,PL002,43878.97431,3,,R156,,,,,,,,,,,N_E,Type8
1453,PL094PL007,1,PL094,43878.81181,PL007,43879,3,,R039,,,,,,,,,,,N_E,Type8
1454,PL070PL003,1,PL070,43878.81736,PL003,43878.82917,3,,R125,,,,,,,,,,,N_D,Type7
1455,PL037PL011,1,PL037,43878.82917,PL011,43879.04375,3,,R070,,,,,,,,,,,H_E,Type5
1456,PL085PL035,1,PL085,43878.83333,PL035,43878.86528,3,,R126,,,,,,,,,,,H_D,Type4
1457,PL016PL008,1,PL016,43878.83333,PL008,43879.02292,3,,R067,,,,,,,,,,,H_D,Type4
1458,PL058PL094,1,PL058,43878.83333,PL094,43878.87639,3,,R102,,,,,,,,,,,N_D,Type6
1459,PL094PL011,1,PL094,43878.84028,PL011,43878.84792,3,,R038,,,,,,,,,,,0,Type3
1460,PL022PL017,1,PL022,43878.875,PL017,43878.91528,3,,R068,,,,,,,,,,,N_E,Type8
1461,PL020PL012,1,PL020,43878.875,PL012,43878.8875,3,,R081,,,,,,,,,,,N_D,Type6
1462,PL013PL006,1,PL013,43878.88542,PL006,43878.99306,3,,R059,,,,,,,,,,,N_D,Type6
1463,PL020PL071,1,PL020,43878.89722,PL071,43879.02153,3,,R069,,,,,,,,,,,N_E,Type8
1464,PL094PL015,1,PL094,43878.91806,PL015,43879.23611,3,,R097,,,,,,,,,,,H_E,Type5
1465,PL032PL050,1,PL032,43878.91944,PL050,43879.13264,3,,R011,,,,,,,,,,,H_E,Type5
1466,PL003PL033,1,PL003,43878.93819,PL033,43878.96528,3,,R048,,,,,,,,,,,N_D,Type7
1467,PL002PL007,1,PL002,43878.95556,PL007,43879.19583,3,,R098,,,,,,,,,,,N_E,Type8
1468,PL006PL013,1,PL006,43878.95764,PL013,43879.05694,3,,R059,,,,,,,,,,,N_D,Type6
1469,PL022PL008,1,PL022,43878.97083,PL008,43879.04028,3,,R127,,,,,,,,,,,N_D,Type6
1470,PL011PL094,1,PL011,43878.97917,PL094,43878.98472,3,,R038,,,,,,,,,,,0,Type3
1471,PL007PL037,2,PL007,43879,PL037,43879.04722,3,,R190,,,,,,,,,,,N_E,Type8
1472,PL101PL045,2,PL101,43879.00069,PL045,43879.25764,3,,R096,,,,,,,,,,,H_E,Type5
1473,PL071PL020,2,PL071,43879.02292,PL020,43879.12986,3,,R069,,,,,,,,,,,N_E,Type8
1474,PL032PL094,2,PL032,43879.04931,PL094,43879.19583,3,,R015,,,,,,,,,,,0,Type3
1475,PL017PL020,2,PL017,43879.05764,PL020,43879.12569,3,,R024,,,,,,,,,,,N_E,Type8
1476,PL020PL016,2,PL020,43879.06667,PL016,43879.08333,3,,R022,,,,,,,,,,,N_D,Type6
1477,PL048PL050,2,PL048,43879.08056,PL050,43879.275,3,,R078,,,,,,,,,,,H_E,Type5
1478,PL032PL050,2,PL032,43879.10417,PL050,43879.34931,3,,R011,,,,,,,,,,,H_E,Type5
1479,PL015PL031,2,PL015,43879.10417,PL031,43879.13264,3,,R128,,,,,,,,,,,H_E,Type5
1480,PL012PL020,2,PL012,43879.125,PL020,43879.14097,3,,R081,,,,,,,,,,,N_D,Type6
1481,PL020PL006,2,PL020,43879.14375,PL006,43879.47222,3,,R054,,,,,,,,,,,N_E,Type8
1482,PL050PL034,2,PL050,43879.14653,PL034,43879.23125,3,,R071,,,,,,,,,,,H_E,Type5
1483,PL013PL006,2,PL013,43879.1625,PL006,43879.31181,3,,R059,,,,,,,,,,,N_D,Type6
1484,PL008PL022,2,PL008,43879.16667,PL022,43879.24931,3,,R127,,,,,,,,,,,N_D,Type6
1485,PL094PL005,2,PL094,43879.17639,PL005,43879.27986,3,,R091,,,,,,,,,,,H_E,Type5
1486,PL032PL094,2,PL032,43879.1875,PL094,43879.32708,3,,R015,,,,,,,,,,,0,Type3
1487,PL026PL003,2,PL026,43879.19722,PL003,43879.27292,3,,R027,,,,,,,,,,,H_E,Type5
1488,PL026PL020,2,PL026,43879.20833,PL020,43879.61806,3,,R092,,,,,,,,,,,H_E,Type5
1489,PL033PL003,2,PL033,43879.21528,PL003,43879.24028,3,,R048,,,,,,,,,,,N_D,Type7
1490,PL094PL073,2,PL094,43879.21528,PL073,43879.36806,3,,R189,,,,,,,,,,,0,Type2
1491,PL007PL094,2,PL007,43879.21736,PL094,43879.46597,3,,R039,,,,,,,,,,,N_E,Type8
1492,PL016PL020,2,PL016,43879.22361,PL020,43879.24028,3,,R022,,,,,,,,,,,N_D,Type6
1493,PL015PL020,2,PL015,43879.26042,PL020,43879.65139,3,,R129,,,,,,,,,,,H_E,Type5
1494,PL020PL017,2,PL020,43879.26944,PL017,43879.32431,3,,R024,,,,,,,,,,,N_E,Type8
1495,PL094PL011,2,PL094,43879.27917,PL011,43879.28472,3,,R038,,,,,,,,,,,0,Type3
1496,PL035PL020,2,PL035,43879.28819,PL020,43879.55486,3,,R094,,,,,,,,,,,H_D,Type4
1497,PL050PL032,2,PL050,43879.28889,PL032,43879.56528,3,,R011,,,,,,,,,,,H_E,Type5
1498,PL005PL032,2,PL005,43879.29375,PL032,43879.30903,3,,R089,,,,,,,,,,,H_E,Type5
1499,PL026PL003,2,PL026,43879.34167,PL003,43879.425,3,,R027,,,,,,,,,,,H_E,Type5
1500,PL050PL048,2,PL050,43879.36319,PL048,43879.58611,3,,R078,,,,,,,,,,,H_E,Type5
1501,PL006PL020,2,PL006,43879.37708,PL020,43879.76597,3,,R054,,,,,,,,,,,N_E,Type8
1502,PL003PL080,2,PL003,43879.38403,PL080,43879.48681,3,,R138,,,,,,,,,,,N_D,Type7
1503,PL094PL029,2,PL094,43879.38542,PL029,43879.39792,3,,R053,,,,,,,,,,,N_D,Type6
1504,PL017PL074,2,PL017,43879.39583,PL074,43879.4375,3,,R134,,,,,,,,,,,N_D,Type6
1505,PL003PL026,2,PL003,43879.40625,PL026,43879.48958,3,,R027,,,,,,,,,,,H_E,Type5
1506,PL011PL094,2,PL011,43879.40625,PL094,43879.41181,3,,R038,,,,,,,,,,,0,Type3
1507,PL094PL007,2,PL094,43879.40833,PL007,43879.59931,3,,R039,,,,,,,,,,,N_E,Type8
1508,PL008PL016,2,PL008,43879.41667,PL016,43879.5625,3,,R067,,,,,,,,,,,H_D,Type4
1509,PL099PL001,2,PL099,43879.41667,PL001,43879.82292,3,,R181,,,,,,,,,,,H_E,Type5
1510,PL011PL032,2,PL011,43879.41736,PL032,43879.55625,3,,R052,,,,,,,,,,,0,Type3
1511,PL002PL013,2,PL002,43879.41875,PL013,43879.51597,3,,R055,,,,,,,,,,,N_D,Type6
1512,PL094PL032,2,PL094,43879.42431,PL032,43879.60556,3,,R015,,,,,,,,,,,0,Type3
1513,PL017PL022,2,PL017,43879.44931,PL022,43879.49444,3,,R068,,,,,,,,,,,N_E,Type8
1514,PL003PL022,2,PL003,43879.45139,PL022,43879.59514,3,,R060,,,,,,,,,,,N_E,Type8
1515,PL035PL020,2,PL035,43879.45833,PL020,43879.625,3,,R094,,,,,,,,,,,H_D,Type4
1516,PL074PL017,2,PL074,43879.45833,PL017,43879.49306,3,,R134,,,,,,,,,,,N_D,Type6
1517,PL003PL033,2,PL003,43879.47014,PL033,43879.49167,3,,R048,,,,,,,,,,,H_E,Type5
1518,PL020PL076,2,PL020,43879.475,PL076,43879.52222,3,,R051,,,,,,,,,,,N_D,Type6
1519,PL073PL094,2,PL073,43879.47917,PL094,43879.6875,3,,R189,,,,,,,,,,,N_E,Type8
1520,PL011PL032,2,PL011,43879.48264,PL032,43879.62083,3,,R052,,,,,,,,,,,H_E,Type5
1521,PL015PL077,2,PL015,43879.5,PL077,43879.90625,3,,R145,,,,,,,,,,,H_E,Type5
1522,PL032PL011,2,PL032,43879.5,PL011,43879.63194,3,,R052,,,,,,,,,,,H_E,Type5
1523,PL045PL003,2,PL045,43879.5,PL003,43879.52014,3,,R135,,,,,,,,,,,N_D,Type7
1524,PL094PL011,2,PL094,43879.54167,PL011,43879.54931,3,,R038,,,,,,,,,,,0,Type3
1525,PL029PL094,2,PL029,43879.54861,PL094,43879.55903,3,,R053,,,,,,,,,,,N_D,Type6
1526,PL034PL050,2,PL034,43879.54861,PL050,43879.63194,3,,R071,,,,,,,,,,,H_E,Type5
1527,PL032PL094,2,PL032,43879.55694,PL094,43879.75486,3,,R015,,,,,,,,,,,0,Type3
1528,PL080PL003,2,PL080,43879.58333,PL003,43879.72361,3,,R138,,,,,,,,,,,N_D,Type7
1529,PL013PL002,2,PL013,43879.5875,PL002,43879.70694,3,,R055,,,,,,,,,,,N_D,Type6
1530,PL020PL116,2,PL020,43879.59444,PL116,43879.69444,3,,R162,,,,,,,,,,,N_D,Type6
1531,PL094PL032,2,PL094,43879.64236,PL032,43879.78611,3,,R015,,,,,,,,,,,0,Type3
1532,PL050PL032,2,PL050,43879.64583,PL032,43879.92778,3,,R011,,,,,,,,,,,H_E,Type5
1533,PL112PL083,2,PL112,43879.64861,PL083,43880.04444,3,,R140,,,,,,,,,,,H_E,Type5
1534,PL071PL105,2,PL071,43879.66667,PL105,43879.83194,3,,R188,,,,,,,,,,,H_E,Type5
1535,PL033PL003,2,PL033,43879.67431,PL003,43879.69583,3,,R048,,,,,,,,,,,H_E,Type5
1536,PL006PL013,2,PL006,43879.6875,PL013,43879.80486,3,,R059,,,,,,,,,,,N_D,Type6
1537,PL045PL101,2,PL045,43879.6875,PL101,43879.91736,3,,R096,,,,,,,,,,,H_E,Type5
1538,PL011PL094,2,PL011,43879.72222,PL094,43879.72778,3,,R038,,,,,,,,,,,0,Type3
1539,PL003PL026,2,PL003,43879.72361,PL026,43879.80486,3,,R027,,,,,,,,,,,H_E,Type5
1540,PL032PL005,2,PL032,43879.72847,PL005,43879.74444,3,,R089,,,,,,,,,,,H_E,Type5
1541,PL022PL003,2,PL022,43879.72917,PL003,43879.89028,3,,R060,,,,,,,,,,,N_E,Type8
1542,PL007PL002,2,PL007,43879.73472,PL002,43879.96806,3,,R098,,,,,,,,,,,N_E,Type8
1543,PL017PL113,2,PL017,43879.75694,PL113,43879.79167,3,,R144,,,,,,,,,,,N_D,Type6
1544,PL031PL015,2,PL031,43879.75833,PL015,43879.78958,3,,R128,,,,,,,,,,,H_E,Type5
1545,PL005PL094,2,PL005,43879.77153,PL094,43879.88194,3,,R091,,,,,,,,,,,H_E,Type5
1546,PL020PL071,2,PL020,43879.78264,PL071,43879.85764,3,,R069,,,,,,,,,,,N_E,Type8
1547,PL026PL003,2,PL026,43879.78681,PL003,43879.85764,3,,R027,,,,,,,,,,,H_E,Type5
1548,PL020PL035,2,PL020,43879.79167,PL035,43879.95833,3,,R094,,,,,,,,,,,H_D,Type4
1549,PL020PL026,2,PL020,43879.79167,PL026,43880.20139,3,,R092,,,,,,,,,,,H_E,Type5
1550,PL094PL032,2,PL094,43879.79167,PL032,43879.95833,3,,R015,,,,,,,,,,,N_E,Type8
1551,PL076PL020,2,PL076,43879.80556,PL020,43879.84306,3,,R051,,,,,,,,,,,N_D,Type6
1552,PL037PL094,2,PL037,43879.81597,PL094,43880.08264,3,,R142,,,,,,,,,,,N_E,Type8
1553,PL015PL094,2,PL015,43879.82986,PL094,43880.05417,3,,R097,,,,,,,,,,,H_E,Type5
1554,PL016PL008,2,PL016,43879.83333,PL008,43880.02292,3,,R067,,,,,,,,,,,H_D,Type4
1555,PL113PL017,2,PL113,43879.83333,PL017,43879.875,3,,R144,,,,,,,,,,,N_D,Type6
1556,PL094PL011,2,PL094,43879.84028,PL011,43879.84792,3,,R038,,,,,,,,,,,0,Type3
1557,PL001PL015,2,PL001,43879.84375,PL015,43880.20833,3,,R183,,,,,,,,,,,H_E,Type5
1558,PL015PL011,2,PL015,43879.84583,PL011,43880.11389,3,,R123,,,,,,,,,,,H_E,Type5
1559,PL071PL047,2,PL071,43879.85903,PL047,43879.96944,3,,R066,,,,,,,,,,,N_E,Type8
1560,PL105PL018,2,PL105,43879.86181,PL018,43880.28403,3,,R186,,,,,,,,,,,H_E,Type5
1561,PL022PL017,2,PL022,43879.875,PL017,43879.91528,3,,R068,,,,,,,,,,,N_E,Type8
1562,PL013PL006,2,PL013,43879.88542,PL006,43879.99306,3,,R059,,,,,,,,,,,N_D,Type6
1563,PL003PL019,2,PL003,43879.89931,PL019,43880.05972,3,,R146,,,,,,,,,,,H_E,Type5
1564,PL011PL037,2,PL011,43879.90417,PL037,43880.225,3,,R070,,,,,,,,,,,H_E,Type5
1565,PL060PL020,2,PL060,43879.91319,PL020,43879.95069,3,,R147,,,,,,,,,,,N_D,Type6
1566,PL030PL094,2,PL030,43879.92431,PL094,43880.10278,3,,R085,,,,,,,,,,,H_E,Type5
1567,PL077PL034,2,PL077,43879.92708,PL034,43880.16667,3,,R074,,,,,,,,,,,H_E,Type5
1568,PL101PL015,2,PL101,43879.93125,PL015,43880.1875,3,,R101,,,,,,,,,,,H_E,Type5
1569,PL003PL033,2,PL003,43879.93819,PL033,43879.96528,3,,R048,,,,,,,,,,,N_D,Type7
1570,PL060PL026,2,PL060,43879.93889,PL026,43880.19931,3,,R148,,,,,,,,,,,H_E,Type5
1571,PL006PL013,2,PL006,43879.95764,PL013,43880.05694,3,,R059,,,,,,,,,,,N_D,Type6
1572,PL011PL094,2,PL011,43879.97917,PL094,43879.98472,3,,R038,,,,,,,,,,,0,Type3
1573,PL047PL006,2,PL047,43879.98333,PL006,43880.30208,3,,R077,,,,,,,,,,,N_E,Type8
1574,PL071PL020,3,PL071,43880.02292,PL020,43880.12986,3,,R069,,,,,,,,,,,N_E,Type8
1575,PL032PL094,3,PL032,43880.04931,PL094,43880.19583,3,,R015,,,,,,,,,,,0,Type3
1576,PL017PL020,3,PL017,43880.05764,PL020,43880.12569,3,,R024,,,,,,,,,,,N_E,Type8
1577,PL048PL050,3,PL048,43880.08056,PL050,43880.275,3,,R078,,,,,,,,,,,H_E,Type5
1578,PL032PL050,3,PL032,43880.10417,PL050,43880.34931,3,,R011,,,,,,,,,,,H_E,Type5
1579,PL020PL012,3,PL020,43880.12639,PL012,43880.13611,3,,R081,,,,,,,,,,,N_D,Type6
1580,PL020PL006,3,PL020,43880.14375,PL006,43880.47222,3,,R054,,,,,,,,,,,N_E,Type8
1581,PL020PL035,3,PL020,43880.15347,PL035,43880.30208,3,,R094,,,,,,,,,,,H_D,Type4
1582,PL013PL006,3,PL013,43880.1625,PL006,43880.31181,3,,R059,,,,,,,,,,,N_D,Type6
1583,PL094PL011,3,PL094,43880.17708,PL011,43880.18542,3,,R038,,,,,,,,,,,0,Type3
1584,PL032PL094,3,PL032,43880.1875,PL094,43880.32708,3,,R015,,,,,,,,,,,0,Type3
1585,PL094PL058,3,PL094,43880.19444,PL058,43880.23958,3,,R102,,,,,,,,,,,N_D,Type6
1586,PL026PL003,3,PL026,43880.19722,PL003,43880.27292,3,,R027,,,,,,,,,,,H_E,Type5
1587,PL094PL032,3,PL094,43880.20833,PL032,43880.31806,3,,R015,,,,,,,,,,,H_E,Type5
1588,PL012PL020,3,PL012,43880.21528,PL020,43880.225,3,,R081,,,,,,,,,,,N_D,Type6
1589,PL033PL003,3,PL033,43880.21528,PL003,43880.24028,3,,R048,,,,,,,,,,,N_D,Type7
1590,PL094PL032,3,PL094,43880.23542,PL032,43880.35208,3,,R015,,,,,,,,,,,0,Type3
1591,PL094PL029,3,PL094,43880.23819,PL029,43880.24792,3,,R053,,,,,,,,,,,N_D,Type6
1592,PL094PL011,3,PL094,43880.24306,PL011,43880.24931,3,,R038,,,,,,,,,,,N_D,Type6
1593,PL017PL075,3,PL017,43880.25556,PL075,43880.26736,3,,R152,,,,,,,,,,,N_D,Type6
1594,PL020PL017,3,PL020,43880.26944,PL017,43880.32431,3,,R024,,,,,,,,,,,N_E,Type8
1595,PL094PL011,3,PL094,43880.27917,PL011,43880.28472,3,,R038,,,,,,,,,,,0,Type3
1596,PL050PL032,3,PL050,43880.28889,PL032,43880.56528,3,,R011,,,,,,,,,,,H_E,Type5
1597,PL019PL022,3,PL019,43880.29167,PL022,43880.41667,3,,R043,,,,,,,,,,,N_E,Type8
1598,PL020PL056,3,PL020,43880.30486,PL056,43880.31944,3,,R109,,,,,,,,,,,N_D,Type6
1599,PL050PL048,3,PL050,43880.36319,PL048,43880.58611,3,,R078,,,,,,,,,,,H_E,Type5
1600,PL022PL067,3,PL022,43880.375,PL067,43880.3875,3,,R113,,,,,,,,,,,N_D,Type6
1601,PL094PL029,3,PL094,43880.38542,PL029,43880.39792,3,,R053,,,,,,,,,,,N_D,Type6
1602,PL003PL066,3,PL003,43880.38958,PL066,43880.43056,3,,R116,,,,,,,,,,,N_D,Type7
1603,PL020PL065,3,PL020,43880.39236,PL065,43880.45486,3,,R118,,,,,,,,,,,N_D,Type6
1604,PL011PL094,3,PL011,43880.40625,PL094,43880.41181,3,,R038,,,,,,,,,,,0,Type3
1605,PL003PL026,3,PL003,43880.40625,PL026,43880.48958,3,,R027,,,,,,,,,,,H_E,Type5
1606,PL094PL007,3,PL094,43880.40833,PL007,43880.59931,3,,R039,,,,,,,,,,,N_E,Type8
1607,PL008PL016,3,PL008,43880.41667,PL016,43880.5625,3,,R067,,,,,,,,,,,H_D,Type4
1608,PL083PL015,3,PL083,43880.41667,PL015,43880.75,3,,R180,,,,,,,,,,,H_E,Type5
1609,PL011PL032,3,PL011,43880.41736,PL032,43880.55625,3,,R052,,,,,,,,,,,0,Type3
1610,PL002PL013,3,PL002,43880.41875,PL013,43880.51597,3,,R055,,,,,,,,,,,N_D,Type6
1611,PL075PL017,3,PL075,43880.43403,PL017,43880.44583,3,,R152,,,,,,,,,,,N_D,Type6
1612,PL017PL022,3,PL017,43880.44931,PL022,43880.49444,3,,R068,,,,,,,,,,,N_E,Type8
1613,PL003PL022,3,PL003,43880.45139,PL022,43880.59514,3,,R060,,,,,,,,,,,N_E,Type8
1614,PL056PL020,3,PL056,43880.47917,PL020,43880.49306,3,,R109,,,,,,,,,,,N_D,Type6
1615,PL017PL061,3,PL017,43880.52778,PL061,43880.54306,3,,R121,,,,,,,,,,,N_D,Type6
1616,PL017PL028,3,PL017,43880.53125,PL028,43880.55208,3,,R111,,,,,,,,,,,N_D,Type6
1617,PL094PL011,3,PL094,43880.54167,PL011,43880.54931,3,,R038,,,,,,,,,,,0,Type3
1618,PL067PL022,3,PL067,43880.54375,PL022,43880.55625,3,,R113,,,,,,,,,,,N_D,Type6
1619,PL069PL068,3,PL069,43880.54444,PL068,43880.59097,3,,R122,,,,,,,,,,,0,Type2
1620,PL029PL094,3,PL029,43880.54861,PL094,43880.55903,3,,R053,,,,,,,,,,,N_D,Type6
1621,PL066PL003,3,PL066,43880.55556,PL003,43880.59931,3,,R116,,,,,,,,,,,N_D,Type7
1622,PL035PL085,3,PL035,43880.57292,PL085,43880.61111,3,,R126,,,,,,,,,,,H_D,Type4
1623,PL110PL078,3,PL110,43880.58333,PL078,43880.90625,3,,R191,,,,,,,,,,,H_E,Type5
1624,PL065PL020,3,PL065,43880.58333,PL020,43880.64375,3,,R118,,,,,,,,,,,N_D,Type6
1625,PL013PL002,3,PL013,43880.5875,PL002,43880.70694,3,,R055,,,,,,,,,,,N_D,Type6
1626,PL029PL094,3,PL029,43880.59583,PL094,43880.60764,3,,R053,,,,,,,,,,,N_D,Type6
1627,PL003PL070,3,PL003,43880.64931,PL070,43880.66111,3,,R125,,,,,,,,,,,N_D,Type7
1628,PL003PL086,3,PL003,43880.66181,PL086,43880.81806,3,,R155,,,,,,,,,,,N_D,Type7
1629,PL026PL003,3,PL026,43880.66667,PL003,43880.83333,3,,R027,,,,,,,,,,,H_E,Type5
1630,PL109PL010,3,PL109,43880.66667,PL010,43880.73958,3,,R185,,,,,,,,,,,H_D,Type4
1631,PL028PL017,3,PL028,43880.66667,PL017,43880.68194,3,,R111,,,,,,,,,,,N_D,Type6
1632,PL011PL045,3,PL011,43880.66667,PL045,43880.95278,3,,R100,,,,,,,,,,,H_E,Type5
1633,PL011PL094,3,PL011,43880.68403,PL094,43880.69028,3,,R038,,,,,,,,,,,N_D,Type6
1634,PL006PL013,3,PL006,43880.6875,PL013,43880.80486,3,,R059,,,,,,,,,,,N_D,Type6
1635,PL011PL094,3,PL011,43880.72222,PL094,43880.72778,3,,R038,,,,,,,,,,,0,Type3
1636,PL022PL003,3,PL022,43880.72917,PL003,43880.88958,3,,R060,,,,,,,,,,,N_E,Type8
1637,PL007PL002,3,PL007,43880.73472,PL002,43880.96806,3,,R098,,,,,,,,,,,N_E,Type8
1638,PL061PL017,3,PL061,43880.75,PL017,43880.76458,3,,R121,,,,,,,,,,,N_D,Type6
1639,PL068PL069,3,PL068,43880.75278,PL069,43880.78958,3,,R122,,,,,,,,,,,0,Type2
1640,PL032PL094,3,PL032,43880.75347,PL094,43880.90556,3,,R015,,,,,,,,,,,0,Type3
1641,PL020PL012,3,PL020,43880.8125,PL012,43880.82361,3,,R081,,,,,,,,,,,N_D,Type6
1642,PL070PL003,3,PL070,43880.81736,PL003,43880.82917,3,,R125,,,,,,,,,,,N_D,Type7
1643,PL037PL011,3,PL037,43880.82917,PL011,43881.04375,3,,R070,,,,,,,,,,,H_E,Type5
1644,PL058PL094,3,PL058,43880.83333,PL094,43880.87639,3,,R102,,,,,,,,,,,N_D,Type6
1645,PL016PL008,3,PL016,43880.83333,PL008,43881.02292,3,,R067,,,,,,,,,,,H_D,Type4
1646,PL085PL035,3,PL085,43880.83333,PL035,43880.86528,3,,R126,,,,,,,,,,,H_D,Type4
1647,PL015PL101,3,PL015,43880.83958,PL101,43881.05069,3,,R101,,,,,,,,,,,H_E,Type5
1648,PL094PL011,3,PL094,43880.84028,PL011,43880.84792,3,,R038,,,,,,,,,,,0,Type3
1649,PL010PL001,3,PL010,43880.84375,PL001,43881.23958,3,,R163,,,,,,,,,,,H_E,Type5
1650,PL071PL047,3,PL071,43880.85903,PL047,43880.96944,3,,R066,,,,,,,,,,,N_E,Type8
1651,PL022PL017,3,PL022,43880.875,PL017,43880.91528,3,,R068,,,,,,,,,,,N_E,Type8
1652,PL020PL012,3,PL020,43880.875,PL012,43880.8875,3,,R081,,,,,,,,,,,N_D,Type6
1653,PL013PL006,3,PL013,43880.88542,PL006,43880.99306,3,,R059,,,,,,,,,,,N_D,Type6
1654,PL018PL105,3,PL018,43880.88819,PL105,43881.28472,3,,R186,,,,,,,,,,,H_E,Type5
1655,PL032PL094,3,PL032,43880.90278,PL094,43881.01736,3,,R015,,,,,,,,,,,H_E,Type5
1656,PL086PL003,3,PL086,43880.90833,PL003,43881.01875,3,,R155,,,,,,,,,,,N_D,Type7
1657,PL003PL076,3,PL003,43880.91667,PL076,43881.25,3,,R192,,,,,,,,,,,H_E,Type5
1658,PL094PL015,3,PL094,43880.91806,PL015,43881.23611,3,,R097,,,,,,,,,,,H_E,Type5
1659,PL032PL050,3,PL032,43880.91944,PL050,43881.13264,3,,R011,,,,,,,,,,,H_E,Type5
1660,PL078PL084,3,PL078,43880.92708,PL084,43881.25,3,,R164,,,,,,,,,,,H_E,Type5
1661,PL002PL030,3,PL002,43880.95556,PL030,43881.20764,3,,R156,,,,,,,,,,,N_E,Type8
1662,PL006PL013,3,PL006,43880.95764,PL013,43881.05694,3,,R059,,,,,,,,,,,N_D,Type6
1663,PL022PL008,3,PL022,43880.97083,PL008,43881.04028,3,,R127,,,,,,,,,,,N_D,Type6
1664,PL011PL094,3,PL011,43880.97917,PL094,43880.98472,3,,R038,,,,,,,,,,,0,Type3
1665,PL047PL006,3,PL047,43880.98333,PL006,43881.30208,3,,R077,,,,,,,,,,,N_E,Type8
1666,PL071PL020,4,PL071,43881.02292,PL020,43881.12986,3,,R069,,,,,,,,,,,N_E,Type8
1667,PL032PL094,4,PL032,43881.04931,PL094,43881.19583,3,,R015,,,,,,,,,,,0,Type3
1668,PL094PL030,4,PL094,43881.05486,PL030,43881.23958,3,,R085,,,,,,,,,,,H_E,Type5
1669,PL017PL020,4,PL017,43881.05764,PL020,43881.12569,3,,R024,,,,,,,,,,,N_E,Type8
1670,PL101PL045,4,PL101,43881.06458,PL045,43881.35486,3,,R096,,,,,,,,,,,H_E,Type5
1671,PL048PL050,4,PL048,43881.08056,PL050,43881.275,3,,R078,,,,,,,,,,,H_E,Type5
1672,PL032PL050,4,PL032,43881.10417,PL050,43881.34931,3,,R011,,,,,,,,,,,H_E,Type5
1673,PL012PL020,4,PL012,43881.125,PL020,43881.14097,3,,R081,,,,,,,,,,,N_D,Type6
1674,PL020PL006,4,PL020,43881.14375,PL006,43881.47222,3,,R054,,,,,,,,,,,N_E,Type8
1675,PL050PL034,4,PL050,43881.14653,PL034,43881.23125,3,,R071,,,,,,,,,,,H_E,Type5
1676,PL013PL006,4,PL013,43881.1625,PL006,43881.31181,3,,R059,,,,,,,,,,,N_D,Type6
1677,PL008PL022,4,PL008,43881.16667,PL022,43881.24931,3,,R127,,,,,,,,,,,N_D,Type6
1678,PL012PL020,4,PL012,43881.16667,PL020,43881.17569,3,,R081,,,,,,,,,,,N_D,Type6
1679,PL094PL005,4,PL094,43881.17639,PL005,43881.27986,3,,R091,,,,,,,,,,,H_E,Type5
1680,PL026PL003,4,PL026,43881.19722,PL003,43881.27292,3,,R027,,,,,,,,,,,H_E,Type5
1681,PL045PL011,4,PL045,43881.20556,PL011,43881.41806,3,,R100,,,,,,,,,,,H_E,Type5
1682,PL026PL020,4,PL026,43881.20833,PL020,43881.61806,3,,R092,,,,,,,,,,,H_E,Type5
1683,PL020PL015,4,PL020,43881.21736,PL015,43881.59375,3,,R129,,,,,,,,,,,H_E,Type5
1684,PL003PL045,4,PL003,43881.24028,PL045,43881.26319,3,,R135,,,,,,,,,,,N_D,Type7
1685,PL001PL104,4,PL001,43881.26042,PL104,43881.65972,3,,R167,,,,,,,,,,,H_E,Type5
1686,PL020PL017,4,PL020,43881.26944,PL017,43881.32431,3,,R024,,,,,,,,,,,N_E,Type8
1687,PL094PL011,4,PL094,43881.27917,PL011,43881.28472,3,,R038,,,,,,,,,,,0,Type3
1688,PL035PL020,4,PL035,43881.28819,PL020,43881.55486,3,,R094,,,,,,,,,,,H_D,Type4
1689,PL050PL032,4,PL050,43881.28889,PL032,43881.56528,3,,R011,,,,,,,,,,,H_E,Type5
1690,PL005PL032,4,PL005,43881.29375,PL032,43881.30903,3,,R089,,,,,,,,,,,H_E,Type5
1691,PL020PL016,4,PL020,43881.31042,PL016,43881.32639,3,,R022,,,,,,,,,,,N_D,Type6
1692,PL105PL071,4,PL105,43881.31042,PL071,43881.45556,3,,R188,,,,,,,,,,,H_E,Type5
1693,PL026PL003,4,PL026,43881.34167,PL003,43881.425,3,,R027,,,,,,,,,,,H_E,Type5
1694,PL022PL023,4,PL022,43881.35417,PL023,43881.39583,3,,R041,,,,,,,,,,,N_D,Type6
1695,PL050PL048,4,PL050,43881.36319,PL048,43881.58611,3,,R078,,,,,,,,,,,H_E,Type5
1696,PL003PL080,4,PL003,43881.38403,PL080,43881.48681,3,,R138,,,,,,,,,,,N_D,Type7
1697,PL094PL029,4,PL094,43881.38542,PL029,43881.39792,3,,R053,,,,,,,,,,,N_D,Type6
1698,PL017PL074,4,PL017,43881.39583,PL074,43881.4375,3,,R134,,,,,,,,,,,N_D,Type6
1699,PL003PL026,4,PL003,43881.40625,PL026,43881.48958,3,,R027,,,,,,,,,,,H_E,Type5
1700,PL011PL094,4,PL011,43881.40625,PL094,43881.41181,3,,R038,,,,,,,,,,,0,Type3
1701,PL008PL016,4,PL008,43881.41667,PL016,43881.5625,3,,R067,,,,,,,,,,,H_D,Type4
1702,PL023PL022,4,PL023,43881.41667,PL022,43881.45833,3,,R041,,,,,,,,,,,N_D,Type6
1703,PL011PL032,4,PL011,43881.41736,PL032,43881.55625,3,,R052,,,,,,,,,,,0,Type3
1704,PL002PL013,4,PL002,43881.41875,PL013,43881.51597,3,,R055,,,,,,,,,,,N_D,Type6
1705,PL094PL032,4,PL094,43881.42431,PL032,43881.60556,3,,R015,,,,,,,,,,,0,Type3
1706,PL017PL022,4,PL017,43881.44931,PL022,43881.49444,3,,R068,,,,,,,,,,,N_E,Type8
1707,PL003PL022,4,PL003,43881.45139,PL022,43881.59514,3,,R060,,,,,,,,,,,N_E,Type8
1708,PL074PL017,4,PL074,43881.45833,PL017,43881.49306,3,,R134,,,,,,,,,,,N_D,Type6
1709,PL035PL020,4,PL035,43881.45833,PL020,43881.625,3,,R094,,,,,,,,,,,H_D,Type4
1710,PL003PL033,4,PL003,43881.47014,PL033,43881.49167,3,,R048,,,,,,,,,,,H_E,Type5
1711,PL011PL032,4,PL011,43881.48264,PL032,43881.62083,3,,R052,,,,,,,,,,,H_E,Type5
1712,PL015PL077,4,PL015,43881.5,PL077,43881.90625,3,,R145,,,,,,,,,,,H_E,Type5
1713,PL032PL011,4,PL032,43881.5,PL011,43881.63194,3,,R052,,,,,,,,,,,H_E,Type5
1714,PL016PL020,4,PL016,43881.50139,PL020,43881.51806,3,,R022,,,,,,,,,,,N_D,Type6
1715,PL017PL061,4,PL017,43881.52778,PL061,43881.54306,3,,R121,,,,,,,,,,,N_D,Type6
1716,PL094PL011,4,PL094,43881.54167,PL011,43881.54931,3,,R038,,,,,,,,,,,0,Type3
1717,PL069PL068,4,PL069,43881.54444,PL068,43881.59097,3,,R122,,,,,,,,,,,0,Type2
1718,PL029PL094,4,PL029,43881.54861,PL094,43881.55903,3,,R053,,,,,,,,,,,N_D,Type6
1719,PL034PL050,4,PL034,43881.54861,PL050,43881.63194,3,,R071,,,,,,,,,,,H_E,Type5
1720,PL032PL094,4,PL032,43881.55694,PL094,43881.75486,3,,R015,,,,,,,,,,,0,Type3
1721,PL006PL020,4,PL006,43881.55903,PL020,43881.86111,3,,R054,,,,,,,,,,,N_E,Type8
1722,PL020PL116,4,PL020,43881.5625,PL116,43881.625,3,,R162,,,,,,,,,,,N_D,Type6
1723,PL080PL003,4,PL080,43881.58333,PL003,43881.72361,3,,R138,,,,,,,,,,,N_D,Type7
1724,PL013PL002,4,PL013,43881.5875,PL002,43881.70694,3,,R055,,,,,,,,,,,N_D,Type6
1725,PL050PL032,4,PL050,43881.64583,PL032,43881.92778,3,,R011,,,,,,,,,,,H_E,Type5
1726,PL033PL003,4,PL033,43881.67431,PL003,43881.69583,3,,R048,,,,,,,,,,,H_E,Type5
1727,PL006PL013,4,PL006,43881.6875,PL013,43881.80486,3,,R059,,,,,,,,,,,N_D,Type6
1728,PL011PL094,4,PL011,43881.72222,PL094,43881.72778,3,,R038,,,,,,,,,,,0,Type3
1729,PL003PL026,4,PL003,43881.72361,PL026,43881.80486,3,,R027,,,,,,,,,,,H_E,Type5
1730,PL032PL005,4,PL032,43881.72847,PL005,43881.74444,3,,R089,,,,,,,,,,,H_E,Type5
1731,PL022PL003,4,PL022,43881.72917,PL003,43881.89028,3,,R060,,,,,,,,,,,N_E,Type8
1732,PL061PL017,4,PL061,43881.75,PL017,43881.76458,3,,R121,,,,,,,,,,,N_D,Type6
1733,PL032PL094,4,PL032,43881.75,PL094,43881.91667,3,,R015,,,,,,,,,,,N_E,Type8
1734,PL104PL117,4,PL104,43881.75,PL117,43881.79167,3,,R194,,,,,,,,,,,H_D,Type4
1735,PL068PL069,4,PL068,43881.75278,PL069,43881.78958,3,,R122,,,,,,,,,,,0,Type2
1736,PL017PL113,4,PL017,43881.75694,PL113,43881.79167,3,,R144,,,,,,,,,,,N_D,Type6
1737,PL020PL082,4,PL020,43881.76042,PL082,43881.78125,3,,R166,,,,,,,,,,,N_D,Type6
1738,PL005PL094,4,PL005,43881.77153,PL094,43881.88194,3,,R091,,,,,,,,,,,H_E,Type5
1739,PL020PL026,4,PL020,43881.79167,PL026,43882.20139,3,,R092,,,,,,,,,,,H_E,Type5
1740,PL116PL020,4,PL116,43881.79167,PL020,43881.85417,3,,R162,,,,,,,,,,,N_D,Type6
1741,PL020PL035,4,PL020,43881.79167,PL035,43881.95833,3,,R094,,,,,,,,,,,H_D,Type4
1742,PL011PL015,4,PL011,43881.79514,PL015,43882.05278,3,,R123,,,,,,,,,,,H_E,Type5
1743,PL015PL094,4,PL015,43881.82986,PL094,43882.05417,3,,R097,,,,,,,,,,,H_E,Type5
1744,PL016PL008,4,PL016,43881.83333,PL008,43882.02292,3,,R067,,,,,,,,,,,H_D,Type4
1745,PL113PL017,4,PL113,43881.83333,PL017,43881.875,3,,R144,,,,,,,,,,,N_D,Type6
1746,PL094PL032,4,PL094,43881.83472,PL032,43881.97014,3,,R015,,,,,,,,,,,0,Type3
1747,PL094PL011,4,PL094,43881.84028,PL011,43881.84792,3,,R038,,,,,,,,,,,0,Type3
1748,PL071PL047,4,PL071,43881.85903,PL047,43881.96944,3,,R066,,,,,,,,,,,N_E,Type8
1749,PL045PL101,4,PL045,43881.86597,PL101,43882.14097,3,,R096,,,,,,,,,,,H_E,Type5
1750,PL022PL017,4,PL022,43881.875,PL017,43881.91528,3,,R068,,,,,,,,,,,N_E,Type8
1751,PL013PL006,4,PL013,43881.88542,PL006,43881.99306,3,,R059,,,,,,,,,,,N_D,Type6
1752,PL020PL071,4,PL020,43881.89722,PL071,43882.02153,3,,R069,,,,,,,,,,,N_E,Type8
1753,PL011PL037,4,PL011,43881.90417,PL037,43882.225,3,,R070,,,,,,,,,,,H_E,Type5
1754,PL030PL094,4,PL030,43881.92431,PL094,43882.10278,3,,R085,,,,,,,,,,,H_E,Type5
1755,PL077PL034,4,PL077,43881.92708,PL034,43882.16667,3,,R074,,,,,,,,,,,H_E,Type5
1756,PL003PL033,4,PL003,43881.93819,PL033,43881.96528,3,,R048,,,,,,,,,,,N_D,Type7
1757,PL002PL007,4,PL002,43881.95556,PL007,43882.17986,3,,R098,,,,,,,,,,,N_E,Type8
1758,PL006PL013,4,PL006,43881.95764,PL013,43882.05694,3,,R059,,,,,,,,,,,N_D,Type6
1759,PL011PL094,4,PL011,43881.97917,PL094,43881.98472,3,,R038,,,,,,,,,,,0,Type3
1760,PL047PL006,4,PL047,43881.98333,PL006,43882.30208,3,,R077,,,,,,,,,,,N_E,Type8
1761,PL094PL073,5,PL094,43882,PL073,43882.20833,3,,R189,,,,,,,,,,,N_E,Type8
1762,PL032PL011,5,PL032,43882.02083,PL011,43882.13958,3,,R052,,,,,,,,,,,0,Type3
1763,PL071PL020,5,PL071,43882.02292,PL020,43882.12986,3,,R069,,,,,,,,,,,N_E,Type8
1764,PL032PL094,5,PL032,43882.04931,PL094,43882.19583,3,,R015,,,,,,,,,,,0,Type3
1765,PL017PL020,5,PL017,43882.05764,PL020,43882.12569,3,,R024,,,,,,,,,,,N_E,Type8
1766,PL048PL050,5,PL048,43882.08056,PL050,43882.275,3,,R078,,,,,,,,,,,H_E,Type5
1767,PL082PL020,5,PL082,43882.08333,PL020,43882.125,3,,R166,,,,,,,,,,,N_D,Type6
1768,PL032PL050,5,PL032,43882.10417,PL050,43882.34931,3,,R011,,,,,,,,,,,H_E,Type5
1769,PL015PL031,5,PL015,43882.10417,PL031,43882.13264,3,,R128,,,,,,,,,,,H_E,Type5
1770,PL020PL012,5,PL020,43882.12639,PL012,43882.13611,3,,R081,,,,,,,,,,,N_D,Type6
1771,PL020PL006,5,PL020,43882.14375,PL006,43882.47222,3,,R054,,,,,,,,,,,N_E,Type8
1772,PL020PL035,5,PL020,43882.15347,PL035,43882.30208,3,,R094,,,,,,,,,,,H_D,Type4
1773,PL101PL015,5,PL101,43882.15486,PL015,43882.43611,3,,R101,,,,,,,,,,,H_E,Type5
1774,PL013PL006,5,PL013,43882.1625,PL006,43882.31181,3,,R059,,,,,,,,,,,N_D,Type6
1775,PL094PL011,5,PL094,43882.17708,PL011,43882.18542,3,,R038,,,,,,,,,,,0,Type3
1776,PL032PL094,5,PL032,43882.1875,PL094,43882.32708,3,,R015,,,,,,,,,,,0,Type3
1777,PL026PL003,5,PL026,43882.19722,PL003,43882.27292,3,,R027,,,,,,,,,,,H_E,Type5
1778,PL094PL032,5,PL094,43882.20833,PL032,43882.31806,3,,R015,,,,,,,,,,,H_E,Type5
1779,PL012PL020,5,PL012,43882.21528,PL020,43882.225,3,,R081,,,,,,,,,,,N_D,Type6
1780,PL033PL003,5,PL033,43882.21528,PL003,43882.24028,3,,R048,,,,,,,,,,,N_D,Type7
1781,PL007PL094,5,PL007,43882.21736,PL094,43882.46597,3,,R039,,,,,,,,,,,N_E,Type8
1782,PL094PL029,5,PL094,43882.23819,PL029,43882.24792,3,,R053,,,,,,,,,,,N_D,Type6
1783,PL073PL094,5,PL073,43882.25694,PL094,43882.40972,3,,R189,,,,,,,,,,,N_E,Type8
1784,PL020PL017,5,PL020,43882.26944,PL017,43882.32431,3,,R024,,,,,,,,,,,N_E,Type8
1785,PL094PL011,5,PL094,43882.27917,PL011,43882.28472,3,,R038,,,,,,,,,,,0,Type3
1786,PL050PL032,5,PL050,43882.28889,PL032,43882.56528,3,,R011,,,,,,,,,,,H_E,Type5
1787,PL094PL058,5,PL094,43882.29931,PL058,43882.34375,3,,R102,,,,,,,,,,,N_D,Type6
1788,PL020PL056,5,PL020,43882.30486,PL056,43882.31944,3,,R109,,,,,,,,,,,N_D,Type6
1789,PL017PL028,5,PL017,43882.31181,PL028,43882.33333,3,,R111,,,,,,,,,,,N_D,Type6
1790,PL032PL050,5,PL032,43882.3375,PL050,43882.59653,3,,R011,,,,,,,,,,,H_E,Type5
1791,PL050PL048,5,PL050,43882.36319,PL048,43882.58611,3,,R078,,,,,,,,,,,H_E,Type5
1792,PL022PL067,5,PL022,43882.375,PL067,43882.3875,3,,R113,,,,,,,,,,,N_D,Type6
1793,PL006PL020,5,PL006,43882.37708,PL020,43882.76597,3,,R054,,,,,,,,,,,N_E,Type8
1794,PL094PL029,5,PL094,43882.38542,PL029,43882.39792,3,,R053,,,,,,,,,,,N_D,Type6
1795,PL003PL066,5,PL003,43882.38958,PL066,43882.43056,3,,R116,,,,,,,,,,,N_D,Type7
1796,PL020PL065,5,PL020,43882.39236,PL065,43882.45486,3,,R118,,,,,,,,,,,N_D,Type6
1797,PL015PL105,5,PL015,43882.39236,PL105,43882.76389,3,,R168,,,,,,,,,,,H_E,Type5
1798,PL003PL026,5,PL003,43882.40625,PL026,43882.48958,3,,R027,,,,,,,,,,,H_E,Type5
1799,PL011PL094,5,PL011,43882.40625,PL094,43882.41181,3,,R038,,,,,,,,,,,0,Type3
1800,PL094PL007,5,PL094,43882.40833,PL007,43882.59931,3,,R039,,,,,,,,,,,N_E,Type8
1801,PL008PL016,5,PL008,43882.41667,PL016,43882.5625,3,,R067,,,,,,,,,,,H_D,Type4
1802,PL084PL010,5,PL084,43882.41667,PL010,43882.75,3,,R042,,,,,,,,,,,H_E,Type5
1803,PL011PL032,5,PL011,43882.41736,PL032,43882.55625,3,,R052,,,,,,,,,,,0,Type3
1804,PL002PL013,5,PL002,43882.41875,PL013,43882.51597,3,,R055,,,,,,,,,,,N_D,Type6
1805,PL017PL022,5,PL017,43882.44931,PL022,43882.49444,3,,R068,,,,,,,,,,,N_E,Type8
1806,PL003PL022,5,PL003,43882.45139,PL022,43882.59514,3,,R060,,,,,,,,,,,N_E,Type8
1807,PL035PL046,5,PL035,43882.45833,PL046,43882.5,3,,R193,,,,,,,,,,,N_D,Type6
1808,PL056PL020,5,PL056,43882.47917,PL020,43882.49306,3,,R109,,,,,,,,,,,N_D,Type6
1809,PL028PL017,5,PL028,43882.52431,PL017,43882.54028,3,,R111,,,,,,,,,,,N_D,Type6
1810,PL017PL061,5,PL017,43882.52778,PL061,43882.54306,3,,R121,,,,,,,,,,,N_D,Type6
1811,PL094PL011,5,PL094,43882.54167,PL011,43882.54931,3,,R038,,,,,,,,,,,0,Type3
1812,PL067PL022,5,PL067,43882.54375,PL022,43882.55625,3,,R113,,,,,,,,,,,N_D,Type6
1813,PL029PL094,5,PL029,43882.54861,PL094,43882.55903,3,,R053,,,,,,,,,,,N_D,Type6
1814,PL066PL003,5,PL066,43882.55556,PL003,43882.59931,3,,R116,,,,,,,,,,,N_D,Type7
1815,PL006PL020,5,PL006,43882.55903,PL020,43882.86111,3,,R054,,,,,,,,,,,N_E,Type8
1816,PL069PL068,5,PL069,43882.58333,PL068,43882.62986,3,,R122,,,,,,,,,,,0,Type2
1817,PL065PL020,5,PL065,43882.58333,PL020,43882.64375,3,,R118,,,,,,,,,,,N_D,Type6
1818,PL013PL002,5,PL013,43882.5875,PL002,43882.70694,3,,R055,,,,,,,,,,,N_D,Type6
1819,PL029PL094,5,PL029,43882.59583,PL094,43882.60764,3,,R053,,,,,,,,,,,N_D,Type6
1820,PL050PL034,5,PL050,43882.61042,PL034,43882.7,3,,R071,,,,,,,,,,,H_E,Type5
1821,PL046PL035,5,PL046,43882.625,PL035,43882.66667,3,,R193,,,,,,,,,,,N_D,Type6
1822,PL094PL032,5,PL094,43882.64236,PL032,43882.78611,3,,R015,,,,,,,,,,,0,Type3
1823,PL003PL070,5,PL003,43882.64931,PL070,43882.66111,3,,R125,,,,,,,,,,,N_D,Type7
1824,PL071PL105,5,PL071,43882.66667,PL105,43882.83194,3,,R188,,,,,,,,,,,H_E,Type5
1825,PL002PL007,5,PL002,43882.66736,PL007,43882.86806,3,,R098,,,,,,,,,,,N_E,Type8
1826,PL006PL013,5,PL006,43882.6875,PL013,43882.80486,3,,R059,,,,,,,,,,,N_D,Type6
1827,PL068PL069,5,PL068,43882.70833,PL069,43882.77083,3,,R122,,,,,,,,,,,0,Type2
1828,PL011PL094,5,PL011,43882.72222,PL094,43882.72778,3,,R038,,,,,,,,,,,0,Type3
1829,PL022PL003,5,PL022,43882.72917,PL003,43882.89028,3,,R060,,,,,,,,,,,N_E,Type8
1830,PL007PL002,5,PL007,43882.73472,PL002,43882.96806,3,,R098,,,,,,,,,,,N_E,Type8
1831,PL061PL017,5,PL061,43882.75,PL017,43882.76458,3,,R121,,,,,,,,,,,N_D,Type6
1832,PL032PL094,5,PL032,43882.75347,PL094,43882.90556,3,,R015,,,,,,,,,,,0,Type3
1833,PL020PL071,5,PL020,43882.78264,PL071,43882.85764,3,,R069,,,,,,,,,,,N_E,Type8
1834,PL105PL020,5,PL105,43882.78611,PL020,43882.84861,3,,R171,,,,,,,,,,,H_E,Type5
1835,PL011PL007,5,PL011,43882.81042,PL007,43883.00417,3,,R172,,,,,,,,,,,N_E,Type8
1836,PL070PL003,5,PL070,43882.81736,PL003,43882.82917,3,,R125,,,,,,,,,,,N_D,Type7
1837,PL016PL008,5,PL016,43882.83333,PL008,43883.02292,3,,R067,,,,,,,,,,,H_D,Type4
1838,PL094PL011,5,PL094,43882.84028,PL011,43882.84792,3,,R038,,,,,,,,,,,0,Type3
1839,PL012PL047,5,PL012,43882.85417,PL047,43882.85556,3,,R173,,,,,,,,,,,N_D,Type6
1840,PL105PL018,5,PL105,43882.86181,PL018,43883.28403,3,,R186,,,,,,,,,,,H_E,Type5
1841,PL047PL003,5,PL047,43882.87361,PL003,43883.07292,3,,R174,,,,,,,,,,,N_E,Type8
1842,PL020PL012,5,PL020,43882.875,PL012,43882.8875,3,,R081,,,,,,,,,,,N_D,Type6
1843,PL022PL017,5,PL022,43882.875,PL017,43882.91528,3,,R068,,,,,,,,,,,N_E,Type8
1844,PL007PL094,5,PL007,43882.88333,PL094,43883.08264,3,,R039,,,,,,,,,,,N_E,Type8
1845,PL013PL006,5,PL013,43882.88542,PL006,43882.99306,3,,R059,,,,,,,,,,,N_D,Type6
1846,PL020PL071,5,PL020,43882.89722,PL071,43883.02153,3,,R069,,,,,,,,,,,N_E,Type8
1847,PL032PL094,5,PL032,43882.90278,PL094,43883.01736,3,,R015,,,,,,,,,,,H_E,Type5
1848,PL034PL050,5,PL034,43882.90972,PL050,43882.99722,3,,R071,,,,,,,,,,,H_E,Type5
1849,PL045PL003,5,PL045,43882.91875,PL003,43882.93889,3,,R135,,,,,,,,,,,N_D,Type7
1850,PL003PL033,5,PL003,43882.93819,PL033,43882.96528,3,,R048,,,,,,,,,,,N_D,Type7
1851,PL002PL007,5,PL002,43882.95556,PL007,43883.17986,3,,R098,,,,,,,,,,,N_E,Type8
1852,PL006PL013,5,PL006,43882.95764,PL013,43883.05694,3,,R059,,,,,,,,,,,N_D,Type6
1853,PL022PL008,5,PL022,43882.97083,PL008,43883.04028,3,,R127,,,,,,,,,,,N_D,Type6
1854,PL011PL094,5,PL011,43882.97917,PL094,43882.98472,3,,R038,,,,,,,,,,,0,Type3
